"country_iso","year","country_year","gdp_growth","gini"
"AU",1960,"AU-1960",,
"AU",1961,"AU-1961",2.48,
"AU",1962,"AU-1962",1.29,
"AU",1963,"AU-1963",6.22,
"AU",1964,"AU-1964",6.98,
"AU",1965,"AU-1965",5.98,
"AU",1966,"AU-1966",2.38,
"AU",1967,"AU-1967",6.3,
"AU",1968,"AU-1968",5.09,
"AU",1969,"AU-1969",7.05,
"AU",1970,"AU-1970",7.18,
"AU",1971,"AU-1971",4,
"AU",1972,"AU-1972",3.91,
"AU",1973,"AU-1973",2.62,
"AU",1974,"AU-1974",4.11,
"AU",1975,"AU-1975",1.34,
"AU",1976,"AU-1976",2.59,
"AU",1977,"AU-1977",3.59,
"AU",1978,"AU-1978",0.89,
"AU",1979,"AU-1979",4.05,
"AU",1980,"AU-1980",3.04,
"AU",1981,"AU-1981",3.34,31.3
"AU",1982,"AU-1982",3.32,
"AU",1983,"AU-1983",-2.22,
"AU",1984,"AU-1984",4.59,
"AU",1985,"AU-1985",5.28,32.5
"AU",1986,"AU-1986",3.97,32.5
"AU",1987,"AU-1987",2.56,
"AU",1988,"AU-1988",5.76,
"AU",1989,"AU-1989",3.88,33.2
"AU",1990,"AU-1990",3.58,33.2
"AU",1991,"AU-1991",-0.38,
"AU",1992,"AU-1992",0.43,
"AU",1993,"AU-1993",4.05,
"AU",1994,"AU-1994",3.98,
"AU",1995,"AU-1995",3.89,32.6
"AU",1996,"AU-1996",3.86,32.6
"AU",1997,"AU-1997",3.91,
"AU",1998,"AU-1998",4.61,
"AU",1999,"AU-1999",4.96,
"AU",2000,"AU-2000",3.9,
"AU",2001,"AU-2001",2.04,33.5
"AU",2002,"AU-2002",3.99,
"AU",2003,"AU-2003",3.11,33.5
"AU",2004,"AU-2004",4.22,33.1
"AU",2005,"AU-2005",3.15,
"AU",2006,"AU-2006",2.74,
"AU",2007,"AU-2007",3.78,
"AU",2008,"AU-2008",3.57,35.4
"AU",2009,"AU-2009",1.87,
"AU",2010,"AU-2010",2.21,34.7
"AU",2011,"AU-2011",2.39,
"AU",2012,"AU-2012",3.9,
"AU",2013,"AU-2013",2.58,
"AU",2014,"AU-2014",2.58,34.4
"AU",2015,"AU-2015",2.15,
"AU",2016,"AU-2016",2.73,33.7
"AU",2017,"AU-2017",2.28,
"AU",2018,"AU-2018",2.88,34.3
"AU",2019,"AU-2019",2.17,
"AU",2020,"AU-2020",-0.05,
"AU",2021,"AU-2021",2.24,
"BE",1960,"BE-1960",,
"BE",1961,"BE-1961",4.98,
"BE",1962,"BE-1962",5.21,
"BE",1963,"BE-1963",4.35,
"BE",1964,"BE-1964",6.96,
"BE",1965,"BE-1965",3.56,
"BE",1966,"BE-1966",3.16,
"BE",1967,"BE-1967",3.87,
"BE",1968,"BE-1968",4.19,
"BE",1969,"BE-1969",6.63,
"BE",1970,"BE-1970",5.58,
"BE",1971,"BE-1971",3.99,
"BE",1972,"BE-1972",5.3,
"BE",1973,"BE-1973",6.38,
"BE",1974,"BE-1974",4.57,
"BE",1975,"BE-1975",-1.97,
"BE",1976,"BE-1976",5.65,
"BE",1977,"BE-1977",0.63,
"BE",1978,"BE-1978",2.84,
"BE",1979,"BE-1979",2.34,
"BE",1980,"BE-1980",4.44,
"BE",1981,"BE-1981",-0.28,
"BE",1982,"BE-1982",0.59,
"BE",1983,"BE-1983",0.31,
"BE",1984,"BE-1984",2.47,
"BE",1985,"BE-1985",1.65,25.2
"BE",1986,"BE-1986",1.82,25.2
"BE",1987,"BE-1987",2.31,
"BE",1988,"BE-1988",4.72,25.7
"BE",1989,"BE-1989",3.47,
"BE",1990,"BE-1990",3.14,
"BE",1991,"BE-1991",1.83,
"BE",1992,"BE-1992",1.53,25
"BE",1993,"BE-1993",-0.96,
"BE",1994,"BE-1994",3.23,
"BE",1995,"BE-1995",2.38,28.4
"BE",1996,"BE-1996",1.32,27.6
"BE",1997,"BE-1997",3.79,26.8
"BE",1998,"BE-1998",1.96,
"BE",1999,"BE-1999",3.54,
"BE",2000,"BE-2000",3.72,33.1
"BE",2001,"BE-2001",1.1,
"BE",2002,"BE-2002",1.71,
"BE",2003,"BE-2003",1.04,28.1
"BE",2004,"BE-2004",3.57,30.5
"BE",2005,"BE-2005",2.32,29.3
"BE",2006,"BE-2006",2.55,28.1
"BE",2007,"BE-2007",3.68,29.2
"BE",2008,"BE-2008",0.45,28.4
"BE",2009,"BE-2009",-2.02,28.6
"BE",2010,"BE-2010",2.86,28.4
"BE",2011,"BE-2011",1.69,28.1
"BE",2012,"BE-2012",0.74,27.5
"BE",2013,"BE-2013",0.46,27.7
"BE",2014,"BE-2014",1.58,28.1
"BE",2015,"BE-2015",2.04,27.7
"BE",2016,"BE-2016",1.27,27.6
"BE",2017,"BE-2017",1.62,27.4
"BE",2018,"BE-2018",1.79,27.2
"BE",2019,"BE-2019",2.26,27.2
"BE",2020,"BE-2020",-5.36,26
"BE",2021,"BE-2021",6.29,
"CA",1960,"CA-1960",,
"CA",1961,"CA-1961",3.16,
"CA",1962,"CA-1962",7.43,
"CA",1963,"CA-1963",5.35,
"CA",1964,"CA-1964",6.64,
"CA",1965,"CA-1965",6.32,
"CA",1966,"CA-1966",6.7,
"CA",1967,"CA-1967",3.09,
"CA",1968,"CA-1968",5,
"CA",1969,"CA-1969",5.05,
"CA",1970,"CA-1970",,
"CA",1971,"CA-1971",,37.3
"CA",1972,"CA-1972",,
"CA",1973,"CA-1973",,34.9
"CA",1974,"CA-1974",,
"CA",1975,"CA-1975",,34.1
"CA",1976,"CA-1976",,
"CA",1977,"CA-1977",,33.7
"CA",1978,"CA-1978",,
"CA",1979,"CA-1979",,33.5
"CA",1980,"CA-1980",,
"CA",1981,"CA-1981",,33
"CA",1982,"CA-1982",-3.19,32.9
"CA",1983,"CA-1983",2.6,
"CA",1984,"CA-1984",5.91,33.5
"CA",1985,"CA-1985",4.74,33.2
"CA",1986,"CA-1986",2.14,31.7
"CA",1987,"CA-1987",4.07,31.7
"CA",1988,"CA-1988",4.41,31.2
"CA",1989,"CA-1989",2.32,31
"CA",1990,"CA-1990",0.16,31.4
"CA",1991,"CA-1991",-2.09,32
"CA",1992,"CA-1992",0.9,31.6
"CA",1993,"CA-1993",2.66,31.7
"CA",1994,"CA-1994",4.49,31.3
"CA",1995,"CA-1995",2.69,31.5
"CA",1996,"CA-1996",1.62,32.8
"CA",1997,"CA-1997",4.28,33.1
"CA",1998,"CA-1998",3.9,33.2
"CA",1999,"CA-1999",5.16,33.1
"CA",2000,"CA-2000",5.18,33.4
"CA",2001,"CA-2001",1.79,33.6
"CA",2002,"CA-2002",3.02,33.6
"CA",2003,"CA-2003",1.8,33.8
"CA",2004,"CA-2004",3.09,33.8
"CA",2005,"CA-2005",3.2,33.6
"CA",2006,"CA-2006",2.63,34.1
"CA",2007,"CA-2007",2.07,33.8
"CA",2008,"CA-2008",1,33.9
"CA",2009,"CA-2009",-2.93,34
"CA",2010,"CA-2010",3.09,33.6
"CA",2011,"CA-2011",3.15,32.7
"CA",2012,"CA-2012",1.76,33.5
"CA",2013,"CA-2013",2.33,33.8
"CA",2014,"CA-2014",2.87,33.2
"CA",2015,"CA-2015",0.66,33.7
"CA",2016,"CA-2016",1,32.7
"CA",2017,"CA-2017",3.04,33.3
"CA",2018,"CA-2018",2.78,32.5
"CA",2019,"CA-2019",1.89,31.7
"CA",2020,"CA-2020",-5.07,
"CA",2021,"CA-2021",5.01,
"CL",1960,"CL-1960",,
"CL",1961,"CL-1961",5.25,
"CL",1962,"CL-1962",4.03,
"CL",1963,"CL-1963",5.84,
"CL",1964,"CL-1964",2.56,
"CL",1965,"CL-1965",0.95,
"CL",1966,"CL-1966",11.24,
"CL",1967,"CL-1967",3.62,
"CL",1968,"CL-1968",3.59,
"CL",1969,"CL-1969",3.94,
"CL",1970,"CL-1970",1.83,
"CL",1971,"CL-1971",9.42,
"CL",1972,"CL-1972",-1.02,
"CL",1973,"CL-1973",-5.03,
"CL",1974,"CL-1974",2.38,
"CL",1975,"CL-1975",-12.91,
"CL",1976,"CL-1976",3.83,
"CL",1977,"CL-1977",10.44,
"CL",1978,"CL-1978",7.7,
"CL",1979,"CL-1979",8.42,
"CL",1980,"CL-1980",7.99,
"CL",1981,"CL-1981",6.53,
"CL",1982,"CL-1982",-11.01,
"CL",1983,"CL-1983",-5.02,
"CL",1984,"CL-1984",4.1,
"CL",1985,"CL-1985",4.01,
"CL",1986,"CL-1986",5.38,
"CL",1987,"CL-1987",6.46,56.2
"CL",1988,"CL-1988",7.35,
"CL",1989,"CL-1989",9.92,
"CL",1990,"CL-1990",3.33,57.2
"CL",1991,"CL-1991",7.8,
"CL",1992,"CL-1992",11.17,54.8
"CL",1993,"CL-1993",6.59,
"CL",1994,"CL-1994",5.03,56.4
"CL",1995,"CL-1995",8.93,
"CL",1996,"CL-1996",6.8,54.9
"CL",1997,"CL-1997",7.39,
"CL",1998,"CL-1998",4.18,55.5
"CL",1999,"CL-1999",-0.27,
"CL",2000,"CL-2000",4.97,52.8
"CL",2001,"CL-2001",3.15,
"CL",2002,"CL-2002",3.2,
"CL",2003,"CL-2003",4.72,51.5
"CL",2004,"CL-2004",6.67,
"CL",2005,"CL-2005",5.84,
"CL",2006,"CL-2006",6.05,47.3
"CL",2007,"CL-2007",5.17,
"CL",2008,"CL-2008",3.79,
"CL",2009,"CL-2009",-1.12,47
"CL",2010,"CL-2010",5.85,
"CL",2011,"CL-2011",6.22,46
"CL",2012,"CL-2012",6.16,
"CL",2013,"CL-2013",3.31,45.8
"CL",2014,"CL-2014",1.79,
"CL",2015,"CL-2015",2.15,44.4
"CL",2016,"CL-2016",1.75,44.4
"CL",2017,"CL-2017",1.36,44.4
"CL",2018,"CL-2018",3.99,
"CL",2019,"CL-2019",0.74,
"CL",2020,"CL-2020",-6.15,44.9
"CL",2021,"CL-2021",11.74,
"HR",1960,"HR-1960",,
"HR",1961,"HR-1961",,
"HR",1962,"HR-1962",,
"HR",1963,"HR-1963",,
"HR",1964,"HR-1964",,
"HR",1965,"HR-1965",,
"HR",1966,"HR-1966",,
"HR",1967,"HR-1967",,
"HR",1968,"HR-1968",,
"HR",1969,"HR-1969",,
"HR",1970,"HR-1970",,
"HR",1971,"HR-1971",,
"HR",1972,"HR-1972",,
"HR",1973,"HR-1973",,
"HR",1974,"HR-1974",,
"HR",1975,"HR-1975",,
"HR",1976,"HR-1976",,
"HR",1977,"HR-1977",,
"HR",1978,"HR-1978",,
"HR",1979,"HR-1979",,
"HR",1980,"HR-1980",,
"HR",1981,"HR-1981",,
"HR",1982,"HR-1982",,
"HR",1983,"HR-1983",,
"HR",1984,"HR-1984",,
"HR",1985,"HR-1985",,
"HR",1986,"HR-1986",,
"HR",1987,"HR-1987",,
"HR",1988,"HR-1988",,
"HR",1989,"HR-1989",,
"HR",1990,"HR-1990",,
"HR",1991,"HR-1991",,
"HR",1992,"HR-1992",,
"HR",1993,"HR-1993",,
"HR",1994,"HR-1994",,
"HR",1995,"HR-1995",,
"HR",1996,"HR-1996",6.04,
"HR",1997,"HR-1997",6.18,
"HR",1998,"HR-1998",2.25,
"HR",1999,"HR-1999",-0.84,
"HR",2000,"HR-2000",2.96,
"HR",2001,"HR-2001",3.11,
"HR",2002,"HR-2002",5.82,
"HR",2003,"HR-2003",5.6,
"HR",2004,"HR-2004",4.18,
"HR",2005,"HR-2005",4.31,
"HR",2006,"HR-2006",4.92,
"HR",2007,"HR-2007",4.96,
"HR",2008,"HR-2008",2,
"HR",2009,"HR-2009",-7.19,32.6
"HR",2010,"HR-2010",-1.22,32.4
"HR",2011,"HR-2011",-0.09,32.3
"HR",2012,"HR-2012",-2.33,32.5
"HR",2013,"HR-2013",-0.4,32
"HR",2014,"HR-2014",-0.43,32.1
"HR",2015,"HR-2015",2.52,31.1
"HR",2016,"HR-2016",3.56,30.9
"HR",2017,"HR-2017",3.41,30.4
"HR",2018,"HR-2018",2.8,29.7
"HR",2019,"HR-2019",3.42,28.9
"HR",2020,"HR-2020",-8.58,29.5
"HR",2021,"HR-2021",13.07,
"CZ",1960,"CZ-1960",,
"CZ",1961,"CZ-1961",,
"CZ",1962,"CZ-1962",,
"CZ",1963,"CZ-1963",,
"CZ",1964,"CZ-1964",,
"CZ",1965,"CZ-1965",,
"CZ",1966,"CZ-1966",,
"CZ",1967,"CZ-1967",,
"CZ",1968,"CZ-1968",,
"CZ",1969,"CZ-1969",,
"CZ",1970,"CZ-1970",,
"CZ",1971,"CZ-1971",,
"CZ",1972,"CZ-1972",,
"CZ",1973,"CZ-1973",,
"CZ",1974,"CZ-1974",,
"CZ",1975,"CZ-1975",,
"CZ",1976,"CZ-1976",,
"CZ",1977,"CZ-1977",,
"CZ",1978,"CZ-1978",,
"CZ",1979,"CZ-1979",,
"CZ",1980,"CZ-1980",,
"CZ",1981,"CZ-1981",,
"CZ",1982,"CZ-1982",,
"CZ",1983,"CZ-1983",,
"CZ",1984,"CZ-1984",,
"CZ",1985,"CZ-1985",,
"CZ",1986,"CZ-1986",,
"CZ",1987,"CZ-1987",,
"CZ",1988,"CZ-1988",,
"CZ",1989,"CZ-1989",,
"CZ",1990,"CZ-1990",-11.61,
"CZ",1991,"CZ-1991",-11.61,
"CZ",1992,"CZ-1992",-0.51,20.7
"CZ",1993,"CZ-1993",0.06,26.6
"CZ",1994,"CZ-1994",2.91,
"CZ",1995,"CZ-1995",6.5,
"CZ",1996,"CZ-1996",4.27,25.8
"CZ",1997,"CZ-1997",-0.52,
"CZ",1998,"CZ-1998",-0.36,
"CZ",1999,"CZ-1999",1.38,
"CZ",2000,"CZ-2000",4,
"CZ",2001,"CZ-2001",3.04,
"CZ",2002,"CZ-2002",1.57,26.6
"CZ",2003,"CZ-2003",3.58,
"CZ",2004,"CZ-2004",4.81,27.5
"CZ",2005,"CZ-2005",6.6,26.9
"CZ",2006,"CZ-2006",6.77,26.7
"CZ",2007,"CZ-2007",5.57,26
"CZ",2008,"CZ-2008",2.69,26.3
"CZ",2009,"CZ-2009",-4.66,26.2
"CZ",2010,"CZ-2010",2.43,26.6
"CZ",2011,"CZ-2011",1.76,26.4
"CZ",2012,"CZ-2012",-0.79,26.1
"CZ",2013,"CZ-2013",-0.05,26.5
"CZ",2014,"CZ-2014",2.26,25.9
"CZ",2015,"CZ-2015",5.39,25.9
"CZ",2016,"CZ-2016",2.54,25.4
"CZ",2017,"CZ-2017",5.17,24.9
"CZ",2018,"CZ-2018",3.22,25
"CZ",2019,"CZ-2019",3.03,25.3
"CZ",2020,"CZ-2020",-5.5,26.2
"CZ",2021,"CZ-2021",3.55,
"DK",1960,"DK-1960",,
"DK",1961,"DK-1961",6.38,
"DK",1962,"DK-1962",5.67,
"DK",1963,"DK-1963",0.64,
"DK",1964,"DK-1964",9.27,
"DK",1965,"DK-1965",4.56,
"DK",1966,"DK-1966",2.74,
"DK",1967,"DK-1967",5.53,
"DK",1968,"DK-1968",5.55,
"DK",1969,"DK-1969",6.51,
"DK",1970,"DK-1970",1.6,
"DK",1971,"DK-1971",3,
"DK",1972,"DK-1972",3.93,
"DK",1973,"DK-1973",4.09,
"DK",1974,"DK-1974",-1.12,
"DK",1975,"DK-1975",-1.46,
"DK",1976,"DK-1976",5.92,
"DK",1977,"DK-1977",1.87,
"DK",1978,"DK-1978",2.23,
"DK",1979,"DK-1979",3.87,
"DK",1980,"DK-1980",-0.48,
"DK",1981,"DK-1981",-0.67,
"DK",1982,"DK-1982",3.68,
"DK",1983,"DK-1983",2.6,
"DK",1984,"DK-1984",4.17,
"DK",1985,"DK-1985",4,
"DK",1986,"DK-1986",4.9,
"DK",1987,"DK-1987",0.25,26.2
"DK",1988,"DK-1988",-0.01,
"DK",1989,"DK-1989",0.65,
"DK",1990,"DK-1990",1.48,
"DK",1991,"DK-1991",1.39,
"DK",1992,"DK-1992",1.96,24.7
"DK",1993,"DK-1993",0.01,
"DK",1994,"DK-1994",5.33,
"DK",1995,"DK-1995",3.03,23
"DK",1996,"DK-1996",2.9,23
"DK",1997,"DK-1997",3.26,
"DK",1998,"DK-1998",2.22,
"DK",1999,"DK-1999",2.95,
"DK",2000,"DK-2000",3.75,23.8
"DK",2001,"DK-2001",0.82,
"DK",2002,"DK-2002",0.47,
"DK",2003,"DK-2003",0.39,25.6
"DK",2004,"DK-2004",2.67,24.9
"DK",2005,"DK-2005",2.34,25.2
"DK",2006,"DK-2006",3.91,25.9
"DK",2007,"DK-2007",0.91,26.2
"DK",2008,"DK-2008",-0.51,25.2
"DK",2009,"DK-2009",-4.91,26.7
"DK",2010,"DK-2010",1.87,27.2
"DK",2011,"DK-2011",1.34,27.3
"DK",2012,"DK-2012",0.23,27.8
"DK",2013,"DK-2013",0.93,28.5
"DK",2014,"DK-2014",1.62,28.4
"DK",2015,"DK-2015",2.34,28.2
"DK",2016,"DK-2016",3.25,28.2
"DK",2017,"DK-2017",2.82,28.7
"DK",2018,"DK-2018",1.99,28.2
"DK",2019,"DK-2019",1.49,27.7
"DK",2020,"DK-2020",-1.99,27.5
"DK",2021,"DK-2021",4.86,
"FI",1960,"FI-1960",,
"FI",1961,"FI-1961",7.6,
"FI",1962,"FI-1962",2.98,
"FI",1963,"FI-1963",3.29,
"FI",1964,"FI-1964",5.24,
"FI",1965,"FI-1965",5.3,
"FI",1966,"FI-1966",2.37,
"FI",1967,"FI-1967",2.17,
"FI",1968,"FI-1968",2.3,
"FI",1969,"FI-1969",9.59,
"FI",1970,"FI-1970",4.81,
"FI",1971,"FI-1971",2.36,
"FI",1972,"FI-1972",7.74,
"FI",1973,"FI-1973",6.98,
"FI",1974,"FI-1974",3.24,
"FI",1975,"FI-1975",1.8,
"FI",1976,"FI-1976",0.34,
"FI",1977,"FI-1977",0.24,
"FI",1978,"FI-1978",2.92,
"FI",1979,"FI-1979",7.12,
"FI",1980,"FI-1980",5.39,
"FI",1981,"FI-1981",1.32,
"FI",1982,"FI-1982",3.11,
"FI",1983,"FI-1983",3.12,
"FI",1984,"FI-1984",3.24,
"FI",1985,"FI-1985",3.55,
"FI",1986,"FI-1986",2.76,
"FI",1987,"FI-1987",3.57,22.2
"FI",1988,"FI-1988",5.22,
"FI",1989,"FI-1989",5.09,
"FI",1990,"FI-1990",0.67,
"FI",1991,"FI-1991",-5.89,22.9
"FI",1992,"FI-1992",-3.29,
"FI",1993,"FI-1993",-0.66,
"FI",1994,"FI-1994",3.96,
"FI",1995,"FI-1995",4.22,23.5
"FI",1996,"FI-1996",3.67,23.5
"FI",1997,"FI-1997",6.33,
"FI",1998,"FI-1998",5.46,
"FI",1999,"FI-1999",4.38,
"FI",2000,"FI-2000",5.77,27.2
"FI",2001,"FI-2001",2.61,
"FI",2002,"FI-2002",1.71,
"FI",2003,"FI-2003",2,27.7
"FI",2004,"FI-2004",3.99,27.9
"FI",2005,"FI-2005",2.78,27.6
"FI",2006,"FI-2006",4.03,28
"FI",2007,"FI-2007",5.3,28.3
"FI",2008,"FI-2008",0.78,27.8
"FI",2009,"FI-2009",-8.07,27.5
"FI",2010,"FI-2010",3.19,27.7
"FI",2011,"FI-2011",2.55,27.6
"FI",2012,"FI-2012",-1.4,27.1
"FI",2013,"FI-2013",-0.9,27.2
"FI",2014,"FI-2014",-0.36,26.8
"FI",2015,"FI-2015",0.54,27.1
"FI",2016,"FI-2016",2.81,27.1
"FI",2017,"FI-2017",3.19,27.4
"FI",2018,"FI-2018",1.14,27.3
"FI",2019,"FI-2019",1.22,27.7
"FI",2020,"FI-2020",-2.35,27.1
"FI",2021,"FI-2021",3.05,
"FR",1960,"FR-1960",,
"FR",1961,"FR-1961",4.98,
"FR",1962,"FR-1962",6.84,
"FR",1963,"FR-1963",6.23,
"FR",1964,"FR-1964",6.65,
"FR",1965,"FR-1965",4.86,
"FR",1966,"FR-1966",5.25,
"FR",1967,"FR-1967",4.92,
"FR",1968,"FR-1968",4.49,
"FR",1969,"FR-1969",7.11,
"FR",1970,"FR-1970",6.11,37.1
"FR",1971,"FR-1971",5.32,
"FR",1972,"FR-1972",4.51,
"FR",1973,"FR-1973",6.34,
"FR",1974,"FR-1974",4.3,
"FR",1975,"FR-1975",-0.96,35.9
"FR",1976,"FR-1976",4.36,
"FR",1977,"FR-1977",3.46,
"FR",1978,"FR-1978",3.98,
"FR",1979,"FR-1979",3.55,34
"FR",1980,"FR-1980",1.58,
"FR",1981,"FR-1981",1.07,
"FR",1982,"FR-1982",2.51,
"FR",1983,"FR-1983",1.24,
"FR",1984,"FR-1984",1.51,33.4
"FR",1985,"FR-1985",1.62,
"FR",1986,"FR-1986",2.34,
"FR",1987,"FR-1987",2.56,
"FR",1988,"FR-1988",4.74,
"FR",1989,"FR-1989",4.34,
"FR",1990,"FR-1990",2.92,32.1
"FR",1991,"FR-1991",1.05,
"FR",1992,"FR-1992",1.6,
"FR",1993,"FR-1993",-0.63,
"FR",1994,"FR-1994",2.36,
"FR",1995,"FR-1995",2.11,
"FR",1996,"FR-1996",1.41,32
"FR",1997,"FR-1997",2.34,31.9
"FR",1998,"FR-1998",3.59,31.7
"FR",1999,"FR-1999",3.42,32.5
"FR",2000,"FR-2000",3.92,32.6
"FR",2001,"FR-2001",1.98,32.5
"FR",2002,"FR-2002",1.14,31.8
"FR",2003,"FR-2003",0.82,31.4
"FR",2004,"FR-2004",2.83,30.6
"FR",2005,"FR-2005",1.66,29.8
"FR",2006,"FR-2006",2.45,29.7
"FR",2007,"FR-2007",2.42,32.4
"FR",2008,"FR-2008",0.25,33
"FR",2009,"FR-2009",-2.87,32.7
"FR",2010,"FR-2010",1.95,33.7
"FR",2011,"FR-2011",2.19,33.3
"FR",2012,"FR-2012",0.31,33.1
"FR",2013,"FR-2013",0.58,32.5
"FR",2014,"FR-2014",0.96,32.3
"FR",2015,"FR-2015",1.11,32.7
"FR",2016,"FR-2016",1.1,31.9
"FR",2017,"FR-2017",2.29,31.6
"FR",2018,"FR-2018",1.87,32.4
"FR",2019,"FR-2019",1.84,31.2
"FR",2020,"FR-2020",-7.78,30.7
"FR",2021,"FR-2021",6.82,
"Ge",1960,"Ge-1960",,
"Ge",1961,"Ge-1961",,
"Ge",1962,"Ge-1962",,
"Ge",1963,"Ge-1963",,
"Ge",1964,"Ge-1964",,
"Ge",1965,"Ge-1965",,
"Ge",1966,"Ge-1966",7.54,
"Ge",1967,"Ge-1967",6.25,
"Ge",1968,"Ge-1968",4.46,
"Ge",1969,"Ge-1969",4.78,
"Ge",1970,"Ge-1970",12.05,
"Ge",1971,"Ge-1971",2.47,
"Ge",1972,"Ge-1972",2.84,
"Ge",1973,"Ge-1973",6.48,
"Ge",1974,"Ge-1974",8.81,
"Ge",1975,"Ge-1975",7.38,
"Ge",1976,"Ge-1976",6.1,
"Ge",1977,"Ge-1977",6.9,
"Ge",1978,"Ge-1978",7.43,
"Ge",1979,"Ge-1979",7.37,
"Ge",1980,"Ge-1980",4.58,
"Ge",1981,"Ge-1981",5.27,
"Ge",1982,"Ge-1982",2,
"Ge",1983,"Ge-1983",4.3,
"Ge",1984,"Ge-1984",5.43,
"Ge",1985,"Ge-1985",4.94,
"Ge",1986,"Ge-1986",-8.18,
"Ge",1987,"Ge-1987",1.28,
"Ge",1988,"Ge-1988",5.56,
"Ge",1989,"Ge-1989",-7.2,
"Ge",1990,"Ge-1990",-14.79,
"Ge",1991,"Ge-1991",-21.1,
"Ge",1992,"Ge-1992",-44.9,
"Ge",1993,"Ge-1993",-29.3,
"Ge",1994,"Ge-1994",-10.4,
"Ge",1995,"Ge-1995",2.6,
"Ge",1996,"Ge-1996",11.2,37.1
"Ge",1997,"Ge-1997",10.52,40.7
"Ge",1998,"Ge-1998",3.1,41.3
"Ge",1999,"Ge-1999",2.87,40.1
"Ge",2000,"Ge-2000",1.84,40.5
"Ge",2001,"Ge-2001",4.81,39.6
"Ge",2002,"Ge-2002",5.47,37.2
"Ge",2003,"Ge-2003",11.06,36.7
"Ge",2004,"Ge-2004",5.79,36.2
"Ge",2005,"Ge-2005",9.59,37.4
"Ge",2006,"Ge-2006",9.42,36.9
"Ge",2007,"Ge-2007",12.58,38.1
"Ge",2008,"Ge-2008",2.42,38.5
"Ge",2009,"Ge-2009",-3.65,38.2
"Ge",2010,"Ge-2010",6.25,39.5
"Ge",2011,"Ge-2011",7.4,39.6
"Ge",2012,"Ge-2012",6.37,39
"Ge",2013,"Ge-2013",3.62,38.6
"Ge",2014,"Ge-2014",4.43,37.6
"Ge",2015,"Ge-2015",3.02,36.5
"Ge",2016,"Ge-2016",2.91,36.6
"Ge",2017,"Ge-2017",4.84,37.9
"Ge",2018,"Ge-2018",4.84,36.4
"Ge",2019,"Ge-2019",4.98,35.9
"Ge",2020,"Ge-2020",-6.76,34.5
"Ge",2021,"Ge-2021",10.47,34.2
"DE",1960,"DE-1960",,
"DE",1961,"DE-1961",,
"DE",1962,"DE-1962",,
"DE",1963,"DE-1963",,
"DE",1964,"DE-1964",,
"DE",1965,"DE-1965",,
"DE",1966,"DE-1966",,
"DE",1967,"DE-1967",,
"DE",1968,"DE-1968",,
"DE",1969,"DE-1969",,
"DE",1970,"DE-1970",,
"DE",1971,"DE-1971",3.13,
"DE",1972,"DE-1972",4.3,
"DE",1973,"DE-1973",4.78,
"DE",1974,"DE-1974",0.89,
"DE",1975,"DE-1975",-0.87,
"DE",1976,"DE-1976",4.95,
"DE",1977,"DE-1977",3.35,
"DE",1978,"DE-1978",3.01,
"DE",1979,"DE-1979",4.15,
"DE",1980,"DE-1980",1.41,
"DE",1981,"DE-1981",0.53,
"DE",1982,"DE-1982",-0.39,
"DE",1983,"DE-1983",1.57,
"DE",1984,"DE-1984",2.82,
"DE",1985,"DE-1985",2.33,
"DE",1986,"DE-1986",2.29,
"DE",1987,"DE-1987",1.4,
"DE",1988,"DE-1988",3.71,
"DE",1989,"DE-1989",3.9,
"DE",1990,"DE-1990",5.26,29.5
"DE",1991,"DE-1991",5.11,29.5
"DE",1992,"DE-1992",1.92,29
"DE",1993,"DE-1993",-0.98,28.5
"DE",1994,"DE-1994",2.39,29.2
"DE",1995,"DE-1995",1.54,28.7
"DE",1996,"DE-1996",0.81,28
"DE",1997,"DE-1997",1.79,28.3
"DE",1998,"DE-1998",2.01,28.1
"DE",1999,"DE-1999",1.89,29
"DE",2000,"DE-2000",2.91,28.8
"DE",2001,"DE-2001",1.68,29.9
"DE",2002,"DE-2002",-0.2,29.9
"DE",2003,"DE-2003",-0.7,29.9
"DE",2004,"DE-2004",1.18,30.2
"DE",2005,"DE-2005",0.73,31.6
"DE",2006,"DE-2006",3.82,31
"DE",2007,"DE-2007",2.98,31.1
"DE",2008,"DE-2008",0.96,30.9
"DE",2009,"DE-2009",-5.69,30.5
"DE",2010,"DE-2010",4.18,30.3
"DE",2011,"DE-2011",3.93,30.7
"DE",2012,"DE-2012",0.42,31.1
"DE",2013,"DE-2013",0.44,31.5
"DE",2014,"DE-2014",2.21,30.9
"DE",2015,"DE-2015",1.49,31.4
"DE",2016,"DE-2016",2.23,31.4
"DE",2017,"DE-2017",2.68,31.9
"DE",2018,"DE-2018",0.98,31.8
"DE",2019,"DE-2019",1.06,31.7
"DE",2020,"DE-2020",-3.7,
"DE",2021,"DE-2021",2.63,
"HU",1960,"HU-1960",,
"HU",1961,"HU-1961",,
"HU",1962,"HU-1962",,
"HU",1963,"HU-1963",,
"HU",1964,"HU-1964",,
"HU",1965,"HU-1965",,
"HU",1966,"HU-1966",,
"HU",1967,"HU-1967",,
"HU",1968,"HU-1968",,
"HU",1969,"HU-1969",,
"HU",1970,"HU-1970",,
"HU",1971,"HU-1971",,
"HU",1972,"HU-1972",,
"HU",1973,"HU-1973",,
"HU",1974,"HU-1974",,
"HU",1975,"HU-1975",,
"HU",1976,"HU-1976",,
"HU",1977,"HU-1977",,
"HU",1978,"HU-1978",,
"HU",1979,"HU-1979",,
"HU",1980,"HU-1980",,
"HU",1981,"HU-1981",,
"HU",1982,"HU-1982",,
"HU",1983,"HU-1983",,
"HU",1984,"HU-1984",,
"HU",1985,"HU-1985",,
"HU",1986,"HU-1986",,
"HU",1987,"HU-1987",,
"HU",1988,"HU-1988",,
"HU",1989,"HU-1989",,
"HU",1990,"HU-1990",,
"HU",1991,"HU-1991",,
"HU",1992,"HU-1992",-3.06,
"HU",1993,"HU-1993",-0.58,
"HU",1994,"HU-1994",2.95,
"HU",1995,"HU-1995",1.49,
"HU",1996,"HU-1996",0.08,
"HU",1997,"HU-1997",3.14,
"HU",1998,"HU-1998",3.9,
"HU",1999,"HU-1999",3.07,
"HU",2000,"HU-2000",4.48,
"HU",2001,"HU-2001",4.07,
"HU",2002,"HU-2002",4.74,
"HU",2003,"HU-2003",4.07,
"HU",2004,"HU-2004",5,29.9
"HU",2005,"HU-2005",4.29,34.7
"HU",2006,"HU-2006",3.95,28.3
"HU",2007,"HU-2007",0.28,27.9
"HU",2008,"HU-2008",1,27.5
"HU",2009,"HU-2009",-6.6,27
"HU",2010,"HU-2010",1.08,29.4
"HU",2011,"HU-2011",1.87,29.2
"HU",2012,"HU-2012",-1.25,30.8
"HU",2013,"HU-2013",1.8,31.5
"HU",2014,"HU-2014",4.23,30.9
"HU",2015,"HU-2015",3.71,30.4
"HU",2016,"HU-2016",2.2,30.3
"HU",2017,"HU-2017",4.27,30.6
"HU",2018,"HU-2018",5.36,29.6
"HU",2019,"HU-2019",4.86,30
"HU",2020,"HU-2020",-4.54,29.7
"HU",2021,"HU-2021",7.2,
"IS",1960,"IS-1960",,
"IS",1961,"IS-1961",-0.08,
"IS",1962,"IS-1962",8.31,
"IS",1963,"IS-1963",10.28,
"IS",1964,"IS-1964",9.92,
"IS",1965,"IS-1965",7.37,
"IS",1966,"IS-1966",8.74,
"IS",1967,"IS-1967",-1.27,
"IS",1968,"IS-1968",-5.47,
"IS",1969,"IS-1969",2.37,
"IS",1970,"IS-1970",,
"IS",1971,"IS-1971",,
"IS",1972,"IS-1972",,
"IS",1973,"IS-1973",,
"IS",1974,"IS-1974",,
"IS",1975,"IS-1975",,
"IS",1976,"IS-1976",,
"IS",1977,"IS-1977",,
"IS",1978,"IS-1978",,
"IS",1979,"IS-1979",,
"IS",1980,"IS-1980",,
"IS",1981,"IS-1981",,
"IS",1982,"IS-1982",,
"IS",1983,"IS-1983",,
"IS",1984,"IS-1984",,
"IS",1985,"IS-1985",,
"IS",1986,"IS-1986",,
"IS",1987,"IS-1987",,
"IS",1988,"IS-1988",,
"IS",1989,"IS-1989",,
"IS",1990,"IS-1990",,
"IS",1991,"IS-1991",,
"IS",1992,"IS-1992",,
"IS",1993,"IS-1993",,
"IS",1994,"IS-1994",,
"IS",1995,"IS-1995",,
"IS",1996,"IS-1996",4.57,
"IS",1997,"IS-1997",5.77,
"IS",1998,"IS-1998",7.36,
"IS",1999,"IS-1999",4.03,
"IS",2000,"IS-2000",4.99,
"IS",2001,"IS-2001",4.01,
"IS",2002,"IS-2002",0.56,
"IS",2003,"IS-2003",2.14,26.8
"IS",2004,"IS-2004",7.8,28
"IS",2005,"IS-2005",6.12,29
"IS",2006,"IS-2006",6.32,30.2
"IS",2007,"IS-2007",8.45,29.5
"IS",2008,"IS-2008",2.21,31.8
"IS",2009,"IS-2009",-7.66,28.7
"IS",2010,"IS-2010",-2.83,26.2
"IS",2011,"IS-2011",1.85,26.8
"IS",2012,"IS-2012",1.06,26.8
"IS",2013,"IS-2013",4.55,25.4
"IS",2014,"IS-2014",1.69,27.8
"IS",2015,"IS-2015",4.44,26.8
"IS",2016,"IS-2016",6.3,27.2
"IS",2017,"IS-2017",4.19,26.1
"IS",2018,"IS-2018",4.89,
"IS",2019,"IS-2019",1.81,
"IS",2020,"IS-2020",-7.24,
"IS",2021,"IS-2021",4.33,
"IN",1960,"IN-1960",,
"IN",1961,"IN-1961",3.72,
"IN",1962,"IN-1962",2.93,
"IN",1963,"IN-1963",5.99,
"IN",1964,"IN-1964",7.45,
"IN",1965,"IN-1965",-2.64,
"IN",1966,"IN-1966",-0.06,
"IN",1967,"IN-1967",7.83,
"IN",1968,"IN-1968",3.39,
"IN",1969,"IN-1969",6.54,
"IN",1970,"IN-1970",5.16,
"IN",1971,"IN-1971",1.64,
"IN",1972,"IN-1972",-0.55,
"IN",1973,"IN-1973",3.3,
"IN",1974,"IN-1974",1.19,
"IN",1975,"IN-1975",9.15,
"IN",1976,"IN-1976",1.66,
"IN",1977,"IN-1977",7.25,33.3
"IN",1978,"IN-1978",5.71,
"IN",1979,"IN-1979",-5.24,
"IN",1980,"IN-1980",6.74,
"IN",1981,"IN-1981",6.01,
"IN",1982,"IN-1982",3.48,
"IN",1983,"IN-1983",7.29,32.1
"IN",1984,"IN-1984",3.82,
"IN",1985,"IN-1985",5.25,
"IN",1986,"IN-1986",4.78,
"IN",1987,"IN-1987",3.97,32.6
"IN",1988,"IN-1988",9.63,
"IN",1989,"IN-1989",5.95,
"IN",1990,"IN-1990",5.53,
"IN",1991,"IN-1991",1.06,
"IN",1992,"IN-1992",5.48,
"IN",1993,"IN-1993",4.75,31.7
"IN",1994,"IN-1994",6.66,
"IN",1995,"IN-1995",7.57,
"IN",1996,"IN-1996",7.55,
"IN",1997,"IN-1997",4.05,
"IN",1998,"IN-1998",6.18,
"IN",1999,"IN-1999",8.85,
"IN",2000,"IN-2000",3.84,
"IN",2001,"IN-2001",4.82,
"IN",2002,"IN-2002",3.8,
"IN",2003,"IN-2003",7.86,
"IN",2004,"IN-2004",7.92,34.4
"IN",2005,"IN-2005",7.92,
"IN",2006,"IN-2006",8.06,
"IN",2007,"IN-2007",7.66,
"IN",2008,"IN-2008",3.09,
"IN",2009,"IN-2009",7.86,35.4
"IN",2010,"IN-2010",8.5,
"IN",2011,"IN-2011",5.24,35.7
"IN",2012,"IN-2012",5.46,
"IN",2013,"IN-2013",6.39,
"IN",2014,"IN-2014",7.41,
"IN",2015,"IN-2015",8,34.7
"IN",2016,"IN-2016",8.26,34.8
"IN",2017,"IN-2017",6.8,35.9
"IN",2018,"IN-2018",6.45,34.6
"IN",2019,"IN-2019",3.87,35
"IN",2020,"IN-2020",-5.83,34.8
"IN",2021,"IN-2021",9.05,34.2
"IE",1960,"IE-1960",,
"IE",1961,"IE-1961",,
"IE",1962,"IE-1962",,
"IE",1963,"IE-1963",,
"IE",1964,"IE-1964",,
"IE",1965,"IE-1965",,
"IE",1966,"IE-1966",,
"IE",1967,"IE-1967",,
"IE",1968,"IE-1968",,
"IE",1969,"IE-1969",,
"IE",1970,"IE-1970",,
"IE",1971,"IE-1971",3.47,
"IE",1972,"IE-1972",6.49,
"IE",1973,"IE-1973",4.72,
"IE",1974,"IE-1974",4.26,
"IE",1975,"IE-1975",5.66,
"IE",1976,"IE-1976",1.39,
"IE",1977,"IE-1977",8.21,
"IE",1978,"IE-1978",7.19,
"IE",1979,"IE-1979",3.07,
"IE",1980,"IE-1980",3.08,
"IE",1981,"IE-1981",3.33,
"IE",1982,"IE-1982",2.28,
"IE",1983,"IE-1983",-0.24,
"IE",1984,"IE-1984",4.35,
"IE",1985,"IE-1985",3.09,
"IE",1986,"IE-1986",-0.43,
"IE",1987,"IE-1987",4.66,35.5
"IE",1988,"IE-1988",5.22,
"IE",1989,"IE-1989",5.81,
"IE",1990,"IE-1990",8.47,
"IE",1991,"IE-1991",1.93,
"IE",1992,"IE-1992",3.34,
"IE",1993,"IE-1993",2.69,
"IE",1994,"IE-1994",5.76,36.9
"IE",1995,"IE-1995",9.63,37
"IE",1996,"IE-1996",7.38,35.6
"IE",1997,"IE-1997",11.02,
"IE",1998,"IE-1998",8.77,
"IE",1999,"IE-1999",10.53,
"IE",2000,"IE-2000",9.4,33
"IE",2001,"IE-2001",5.31,
"IE",2002,"IE-2002",5.9,32.3
"IE",2003,"IE-2003",3.01,32.9
"IE",2004,"IE-2004",6.79,33.6
"IE",2005,"IE-2005",5.74,33.8
"IE",2006,"IE-2006",4.99,32.7
"IE",2007,"IE-2007",5.31,31.9
"IE",2008,"IE-2008",-4.48,30.9
"IE",2009,"IE-2009",-5.1,32.7
"IE",2010,"IE-2010",1.68,32.3
"IE",2011,"IE-2011",0.83,32.9
"IE",2012,"IE-2012",-0.01,33.2
"IE",2013,"IE-2013",1.13,33.5
"IE",2014,"IE-2014",8.65,31.9
"IE",2015,"IE-2015",24.37,31.8
"IE",2016,"IE-2016",2.01,32.8
"IE",2017,"IE-2017",9.01,31.4
"IE",2018,"IE-2018",8.53,30.6
"IE",2019,"IE-2019",5.44,30.8
"IE",2020,"IE-2020",6.18,29.2
"IE",2021,"IE-2021",13.59,
"IL",1960,"IL-1960",,
"IL",1961,"IL-1961",11.2,
"IL",1962,"IL-1962",10.16,
"IL",1963,"IL-1963",10.7,
"IL",1964,"IL-1964",7.94,
"IL",1965,"IL-1965",9.09,
"IL",1966,"IL-1966",-0.08,
"IL",1967,"IL-1967",3,
"IL",1968,"IL-1968",16.24,
"IL",1969,"IL-1969",13.57,
"IL",1970,"IL-1970",,
"IL",1971,"IL-1971",,
"IL",1972,"IL-1972",,
"IL",1973,"IL-1973",,
"IL",1974,"IL-1974",,
"IL",1975,"IL-1975",,
"IL",1976,"IL-1976",,
"IL",1977,"IL-1977",,
"IL",1978,"IL-1978",,
"IL",1979,"IL-1979",,36.3
"IL",1980,"IL-1980",,
"IL",1981,"IL-1981",,
"IL",1982,"IL-1982",,
"IL",1983,"IL-1983",,
"IL",1984,"IL-1984",,
"IL",1985,"IL-1985",,
"IL",1986,"IL-1986",,36.5
"IL",1987,"IL-1987",,
"IL",1988,"IL-1988",,
"IL",1989,"IL-1989",,
"IL",1990,"IL-1990",,
"IL",1991,"IL-1991",,
"IL",1992,"IL-1992",,35.5
"IL",1993,"IL-1993",,
"IL",1994,"IL-1994",,
"IL",1995,"IL-1995",,
"IL",1996,"IL-1996",5.93,38.1
"IL",1997,"IL-1997",3.79,38.1
"IL",1998,"IL-1998",4.12,
"IL",1999,"IL-1999",3.33,
"IL",2000,"IL-2000",8.67,
"IL",2001,"IL-2001",0.33,38.9
"IL",2002,"IL-2002",-0.11,39.6
"IL",2003,"IL-2003",1.39,40.7
"IL",2004,"IL-2004",4.78,41.5
"IL",2005,"IL-2005",4.13,42.3
"IL",2006,"IL-2006",5.58,41.6
"IL",2007,"IL-2007",6.03,41.1
"IL",2008,"IL-2008",3.25,41.6
"IL",2009,"IL-2009",0.88,42.6
"IL",2010,"IL-2010",5.67,42.5
"IL",2011,"IL-2011",5.56,41.4
"IL",2012,"IL-2012",2.59,41.6
"IL",2013,"IL-2013",4.42,40.2
"IL",2014,"IL-2014",3.92,39.8
"IL",2015,"IL-2015",2.49,39.7
"IL",2016,"IL-2016",4.52,39
"IL",2017,"IL-2017",4.28,38.2
"IL",2018,"IL-2018",4.07,38.6
"IL",2019,"IL-2019",4.16,
"IL",2020,"IL-2020",-1.86,
"IL",2021,"IL-2021",8.61,
"IT",1960,"IT-1960",,
"IT",1961,"IT-1961",8.21,
"IT",1962,"IT-1962",6.2,
"IT",1963,"IT-1963",5.61,
"IT",1964,"IT-1964",2.8,
"IT",1965,"IT-1965",3.27,
"IT",1966,"IT-1966",5.98,
"IT",1967,"IT-1967",7.18,
"IT",1968,"IT-1968",6.54,
"IT",1969,"IT-1969",6.1,
"IT",1970,"IT-1970",5.27,
"IT",1971,"IT-1971",1.82,
"IT",1972,"IT-1972",3.69,
"IT",1973,"IT-1973",7.13,
"IT",1974,"IT-1974",5.5,
"IT",1975,"IT-1975",-2.09,
"IT",1976,"IT-1976",7.13,
"IT",1977,"IT-1977",2.56,
"IT",1978,"IT-1978",3.24,
"IT",1979,"IT-1979",5.96,
"IT",1980,"IT-1980",3.43,
"IT",1981,"IT-1981",0.84,
"IT",1982,"IT-1982",0.41,
"IT",1983,"IT-1983",1.17,
"IT",1984,"IT-1984",3.23,
"IT",1985,"IT-1985",2.8,
"IT",1986,"IT-1986",2.86,32.5
"IT",1987,"IT-1987",3.19,34.5
"IT",1988,"IT-1988",4.19,
"IT",1989,"IT-1989",3.39,32.6
"IT",1990,"IT-1990",1.99,
"IT",1991,"IT-1991",1.54,31.5
"IT",1992,"IT-1992",0.83,
"IT",1993,"IT-1993",-0.85,35.5
"IT",1994,"IT-1994",2.15,
"IT",1995,"IT-1995",2.89,35.2
"IT",1996,"IT-1996",1.27,35.2
"IT",1997,"IT-1997",1.83,
"IT",1998,"IT-1998",1.81,36.7
"IT",1999,"IT-1999",1.63,
"IT",2000,"IT-2000",3.79,35.3
"IT",2001,"IT-2001",1.95,
"IT",2002,"IT-2002",0.25,
"IT",2003,"IT-2003",0.14,34.9
"IT",2004,"IT-2004",1.42,34.3
"IT",2005,"IT-2005",0.82,33.8
"IT",2006,"IT-2006",1.79,33.7
"IT",2007,"IT-2007",1.49,32.9
"IT",2008,"IT-2008",-0.96,33.8
"IT",2009,"IT-2009",-5.28,33.8
"IT",2010,"IT-2010",1.71,34.7
"IT",2011,"IT-2011",0.71,35.1
"IT",2012,"IT-2012",-2.98,35.2
"IT",2013,"IT-2013",-1.84,34.9
"IT",2014,"IT-2014",0,34.7
"IT",2015,"IT-2015",0.78,35.4
"IT",2016,"IT-2016",1.29,35.2
"IT",2017,"IT-2017",1.67,35.9
"IT",2018,"IT-2018",0.93,35.2
"IT",2019,"IT-2019",0.48,34.6
"IT",2020,"IT-2020",-8.98,35.2
"IT",2021,"IT-2021",6.99,
"JP",1960,"JP-1960",,
"JP",1961,"JP-1961",12.04,
"JP",1962,"JP-1962",8.91,
"JP",1963,"JP-1963",8.47,
"JP",1964,"JP-1964",11.68,
"JP",1965,"JP-1965",5.82,
"JP",1966,"JP-1966",10.64,
"JP",1967,"JP-1967",11.08,
"JP",1968,"JP-1968",12.88,
"JP",1969,"JP-1969",12.48,
"JP",1970,"JP-1970",2.45,
"JP",1971,"JP-1971",4.7,
"JP",1972,"JP-1972",8.41,
"JP",1973,"JP-1973",8.03,
"JP",1974,"JP-1974",-1.23,
"JP",1975,"JP-1975",3.09,
"JP",1976,"JP-1976",3.97,
"JP",1977,"JP-1977",4.39,
"JP",1978,"JP-1978",5.27,
"JP",1979,"JP-1979",5.48,
"JP",1980,"JP-1980",2.82,
"JP",1981,"JP-1981",4.26,
"JP",1982,"JP-1982",3.28,
"JP",1983,"JP-1983",3.63,
"JP",1984,"JP-1984",4.41,
"JP",1985,"JP-1985",5.16,
"JP",1986,"JP-1986",3.29,
"JP",1987,"JP-1987",4.65,
"JP",1988,"JP-1988",6.66,
"JP",1989,"JP-1989",4.93,
"JP",1990,"JP-1990",4.84,
"JP",1991,"JP-1991",3.52,
"JP",1992,"JP-1992",0.9,
"JP",1993,"JP-1993",-0.46,
"JP",1994,"JP-1994",1.08,
"JP",1995,"JP-1995",2.63,
"JP",1996,"JP-1996",3.13,
"JP",1997,"JP-1997",0.98,
"JP",1998,"JP-1998",-1.27,
"JP",1999,"JP-1999",-0.33,
"JP",2000,"JP-2000",2.76,
"JP",2001,"JP-2001",0.39,
"JP",2002,"JP-2002",0.04,
"JP",2003,"JP-2003",1.54,
"JP",2004,"JP-2004",2.19,
"JP",2005,"JP-2005",1.8,
"JP",2006,"JP-2006",1.37,
"JP",2007,"JP-2007",1.48,
"JP",2008,"JP-2008",-1.22,34.8
"JP",2009,"JP-2009",-5.69,
"JP",2010,"JP-2010",4.1,32.1
"JP",2011,"JP-2011",0.02,
"JP",2012,"JP-2012",1.37,
"JP",2013,"JP-2013",2.01,32.9
"JP",2014,"JP-2014",0.3,
"JP",2015,"JP-2015",1.56,
"JP",2016,"JP-2016",0.75,
"JP",2017,"JP-2017",1.68,
"JP",2018,"JP-2018",0.64,
"JP",2019,"JP-2019",-0.4,
"JP",2020,"JP-2020",-4.28,
"JP",2021,"JP-2021",2.14,
"KR",1960,"KR-1960",,
"KR",1961,"KR-1961",6.94,
"KR",1962,"KR-1962",3.9,
"KR",1963,"KR-1963",9.02,
"KR",1964,"KR-1964",9.47,
"KR",1965,"KR-1965",7.32,
"KR",1966,"KR-1966",11.99,
"KR",1967,"KR-1967",9.08,
"KR",1968,"KR-1968",13.17,
"KR",1969,"KR-1969",14.56,
"KR",1970,"KR-1970",10.05,
"KR",1971,"KR-1971",10.55,
"KR",1972,"KR-1972",7.21,
"KR",1973,"KR-1973",14.9,
"KR",1974,"KR-1974",9.51,
"KR",1975,"KR-1975",7.84,
"KR",1976,"KR-1976",13.22,
"KR",1977,"KR-1977",12.34,
"KR",1978,"KR-1978",10.95,
"KR",1979,"KR-1979",8.67,
"KR",1980,"KR-1980",-1.65,
"KR",1981,"KR-1981",7.25,
"KR",1982,"KR-1982",8.34,
"KR",1983,"KR-1983",13.38,
"KR",1984,"KR-1984",10.55,
"KR",1985,"KR-1985",7.84,
"KR",1986,"KR-1986",11.33,
"KR",1987,"KR-1987",12.72,
"KR",1988,"KR-1988",11.99,
"KR",1989,"KR-1989",7.07,
"KR",1990,"KR-1990",9.88,
"KR",1991,"KR-1991",10.78,
"KR",1992,"KR-1992",6.2,
"KR",1993,"KR-1993",6.88,
"KR",1994,"KR-1994",9.27,
"KR",1995,"KR-1995",9.61,
"KR",1996,"KR-1996",7.89,
"KR",1997,"KR-1997",6.17,
"KR",1998,"KR-1998",-5.13,
"KR",1999,"KR-1999",11.47,
"KR",2000,"KR-2000",9.06,
"KR",2001,"KR-2001",4.85,
"KR",2002,"KR-2002",7.73,
"KR",2003,"KR-2003",3.15,
"KR",2004,"KR-2004",5.2,
"KR",2005,"KR-2005",4.31,
"KR",2006,"KR-2006",5.26,31.7
"KR",2007,"KR-2007",5.8,
"KR",2008,"KR-2008",3.01,32.3
"KR",2009,"KR-2009",0.79,
"KR",2010,"KR-2010",6.8,32
"KR",2011,"KR-2011",3.69,
"KR",2012,"KR-2012",2.4,31.6
"KR",2013,"KR-2013",3.16,
"KR",2014,"KR-2014",3.2,31.2
"KR",2015,"KR-2015",2.81,
"KR",2016,"KR-2016",2.95,31.4
"KR",2017,"KR-2017",3.16,
"KR",2018,"KR-2018",2.91,
"KR",2019,"KR-2019",2.24,
"KR",2020,"KR-2020",-0.71,
"KR",2021,"KR-2021",4.15,
"LV",1960,"LV-1960",,
"LV",1961,"LV-1961",,
"LV",1962,"LV-1962",,
"LV",1963,"LV-1963",,
"LV",1964,"LV-1964",,
"LV",1965,"LV-1965",,
"LV",1966,"LV-1966",,
"LV",1967,"LV-1967",,
"LV",1968,"LV-1968",,
"LV",1969,"LV-1969",,
"LV",1970,"LV-1970",,
"LV",1971,"LV-1971",,
"LV",1972,"LV-1972",,
"LV",1973,"LV-1973",,
"LV",1974,"LV-1974",,
"LV",1975,"LV-1975",,
"LV",1976,"LV-1976",,
"LV",1977,"LV-1977",,
"LV",1978,"LV-1978",,
"LV",1979,"LV-1979",,
"LV",1980,"LV-1980",,
"LV",1981,"LV-1981",,
"LV",1982,"LV-1982",,
"LV",1983,"LV-1983",,
"LV",1984,"LV-1984",,
"LV",1985,"LV-1985",,
"LV",1986,"LV-1986",,
"LV",1987,"LV-1987",,
"LV",1988,"LV-1988",,
"LV",1989,"LV-1989",,
"LV",1990,"LV-1990",,
"LV",1991,"LV-1991",,
"LV",1992,"LV-1992",,
"LV",1993,"LV-1993",,
"LV",1994,"LV-1994",,
"LV",1995,"LV-1995",,
"LV",1996,"LV-1996",2.59,
"LV",1997,"LV-1997",8.84,
"LV",1998,"LV-1998",6.34,
"LV",1999,"LV-1999",2.76,
"LV",2000,"LV-2000",5.68,
"LV",2001,"LV-2001",6.32,
"LV",2002,"LV-2002",7.09,
"LV",2003,"LV-2003",8.42,
"LV",2004,"LV-2004",8.28,36.4
"LV",2005,"LV-2005",10.72,39
"LV",2006,"LV-2006",11.97,35.6
"LV",2007,"LV-2007",9.94,37.5
"LV",2008,"LV-2008",-3.25,37.2
"LV",2009,"LV-2009",-14.26,36
"LV",2010,"LV-2010",-4.46,35
"LV",2011,"LV-2011",2.57,35.8
"LV",2012,"LV-2012",7.04,35.2
"LV",2013,"LV-2013",2.01,35.5
"LV",2014,"LV-2014",1.9,35.1
"LV",2015,"LV-2015",3.89,34.2
"LV",2016,"LV-2016",2.37,34.3
"LV",2017,"LV-2017",3.31,35.6
"LV",2018,"LV-2018",3.99,35.1
"LV",2019,"LV-2019",2.57,34.5
"LV",2020,"LV-2020",-2.2,35.7
"LV",2021,"LV-2021",4.06,
"LT",1960,"LT-1960",,
"LT",1961,"LT-1961",,
"LT",1962,"LT-1962",,
"LT",1963,"LT-1963",,
"LT",1964,"LT-1964",,
"LT",1965,"LT-1965",,
"LT",1966,"LT-1966",,
"LT",1967,"LT-1967",,
"LT",1968,"LT-1968",,
"LT",1969,"LT-1969",,
"LT",1970,"LT-1970",,
"LT",1971,"LT-1971",,
"LT",1972,"LT-1972",,
"LT",1973,"LT-1973",,
"LT",1974,"LT-1974",,
"LT",1975,"LT-1975",,
"LT",1976,"LT-1976",,
"LT",1977,"LT-1977",,
"LT",1978,"LT-1978",,
"LT",1979,"LT-1979",,
"LT",1980,"LT-1980",,
"LT",1981,"LT-1981",,
"LT",1982,"LT-1982",,
"LT",1983,"LT-1983",,
"LT",1984,"LT-1984",,
"LT",1985,"LT-1985",,
"LT",1986,"LT-1986",,
"LT",1987,"LT-1987",,
"LT",1988,"LT-1988",,
"LT",1989,"LT-1989",,
"LT",1990,"LT-1990",,
"LT",1991,"LT-1991",,
"LT",1992,"LT-1992",,
"LT",1993,"LT-1993",,
"LT",1994,"LT-1994",,
"LT",1995,"LT-1995",,
"LT",1996,"LT-1996",5.16,
"LT",1997,"LT-1997",8.31,
"LT",1998,"LT-1998",7.48,
"LT",1999,"LT-1999",-1.14,
"LT",2000,"LT-2000",3.7,
"LT",2001,"LT-2001",6.53,
"LT",2002,"LT-2002",6.75,
"LT",2003,"LT-2003",10.57,
"LT",2004,"LT-2004",6.57,37
"LT",2005,"LT-2005",7.73,35.3
"LT",2006,"LT-2006",7.41,34.4
"LT",2007,"LT-2007",11.11,34.8
"LT",2008,"LT-2008",2.61,35.7
"LT",2009,"LT-2009",-14.84,37.2
"LT",2010,"LT-2010",1.65,33.6
"LT",2011,"LT-2011",6.04,32.5
"LT",2012,"LT-2012",3.84,35.1
"LT",2013,"LT-2013",3.55,35.3
"LT",2014,"LT-2014",3.54,37.7
"LT",2015,"LT-2015",2.02,37.4
"LT",2016,"LT-2016",2.52,38.4
"LT",2017,"LT-2017",4.28,37.3
"LT",2018,"LT-2018",3.99,35.7
"LT",2019,"LT-2019",4.63,35.3
"LT",2020,"LT-2020",-0.02,36
"LT",2021,"LT-2021",5.98,
"NZ",1960,"NZ-1960",,
"NZ",1961,"NZ-1961",,
"NZ",1962,"NZ-1962",,
"NZ",1963,"NZ-1963",,
"NZ",1964,"NZ-1964",,
"NZ",1965,"NZ-1965",,
"NZ",1966,"NZ-1966",,
"NZ",1967,"NZ-1967",,
"NZ",1968,"NZ-1968",,
"NZ",1969,"NZ-1969",,
"NZ",1970,"NZ-1970",,
"NZ",1971,"NZ-1971",,
"NZ",1972,"NZ-1972",,
"NZ",1973,"NZ-1973",,
"NZ",1974,"NZ-1974",,
"NZ",1975,"NZ-1975",,
"NZ",1976,"NZ-1976",,
"NZ",1977,"NZ-1977",,
"NZ",1978,"NZ-1978",0.32,
"NZ",1979,"NZ-1979",2.19,
"NZ",1980,"NZ-1980",1.28,
"NZ",1981,"NZ-1981",4.66,
"NZ",1982,"NZ-1982",0.93,
"NZ",1983,"NZ-1983",3.49,
"NZ",1984,"NZ-1984",4.79,
"NZ",1985,"NZ-1985",1.62,
"NZ",1986,"NZ-1986",2.71,
"NZ",1987,"NZ-1987",0.97,
"NZ",1988,"NZ-1988",-0.35,
"NZ",1989,"NZ-1989",0.16,
"NZ",1990,"NZ-1990",0.15,
"NZ",1991,"NZ-1991",-1.09,
"NZ",1992,"NZ-1992",1.09,
"NZ",1993,"NZ-1993",6.39,
"NZ",1994,"NZ-1994",5.12,
"NZ",1995,"NZ-1995",4.72,
"NZ",1996,"NZ-1996",3.62,
"NZ",1997,"NZ-1997",2.08,
"NZ",1998,"NZ-1998",0.86,
"NZ",1999,"NZ-1999",5.38,
"NZ",2000,"NZ-2000",2.87,
"NZ",2001,"NZ-2001",3.41,
"NZ",2002,"NZ-2002",4.71,
"NZ",2003,"NZ-2003",4.73,
"NZ",2004,"NZ-2004",4.09,
"NZ",2005,"NZ-2005",3.35,
"NZ",2006,"NZ-2006",2.8,
"NZ",2007,"NZ-2007",3.07,
"NZ",2008,"NZ-2008",-1.21,
"NZ",2009,"NZ-2009",-0.11,
"NZ",2010,"NZ-2010",1.47,
"NZ",2011,"NZ-2011",2.22,
"NZ",2012,"NZ-2012",2.27,
"NZ",2013,"NZ-2013",2.76,
"NZ",2014,"NZ-2014",3.81,
"NZ",2015,"NZ-2015",3.74,
"NZ",2016,"NZ-2016",3.8,
"NZ",2017,"NZ-2017",3.52,
"NZ",2018,"NZ-2018",3.53,
"NZ",2019,"NZ-2019",2.45,
"NZ",2020,"NZ-2020",-0.65,
"NZ",2021,"NZ-2021",5.17,
"NO",1960,"NO-1960",,
"NO",1961,"NO-1961",6.27,
"NO",1962,"NO-1962",2.81,
"NO",1963,"NO-1963",3.79,
"NO",1964,"NO-1964",5.01,
"NO",1965,"NO-1965",5.29,
"NO",1966,"NO-1966",3.79,
"NO",1967,"NO-1967",6.26,
"NO",1968,"NO-1968",2.26,
"NO",1969,"NO-1969",4.5,
"NO",1970,"NO-1970",2.34,
"NO",1971,"NO-1971",5.67,
"NO",1972,"NO-1972",5.33,
"NO",1973,"NO-1973",4.53,
"NO",1974,"NO-1974",3.92,
"NO",1975,"NO-1975",4.95,
"NO",1976,"NO-1976",5.83,
"NO",1977,"NO-1977",4.16,
"NO",1978,"NO-1978",3.87,
"NO",1979,"NO-1979",4.37,26.9
"NO",1980,"NO-1980",4.56,
"NO",1981,"NO-1981",1.6,
"NO",1982,"NO-1982",0.24,
"NO",1983,"NO-1983",3.97,
"NO",1984,"NO-1984",6.05,
"NO",1985,"NO-1985",5.55,
"NO",1986,"NO-1986",4.04,24.6
"NO",1987,"NO-1987",1.75,
"NO",1988,"NO-1988",-0.26,
"NO",1989,"NO-1989",1.04,
"NO",1990,"NO-1990",1.93,25.2
"NO",1991,"NO-1991",3.08,25.2
"NO",1992,"NO-1992",3.57,
"NO",1993,"NO-1993",2.85,
"NO",1994,"NO-1994",5.06,
"NO",1995,"NO-1995",4.16,26
"NO",1996,"NO-1996",5.03,26
"NO",1997,"NO-1997",5.28,
"NO",1998,"NO-1998",2.67,
"NO",1999,"NO-1999",2.07,
"NO",2000,"NO-2000",3.32,27.4
"NO",2001,"NO-2001",2.07,
"NO",2002,"NO-2002",1.38,
"NO",2003,"NO-2003",0.94,27.6
"NO",2004,"NO-2004",4.01,31.6
"NO",2005,"NO-2005",2.69,30.6
"NO",2006,"NO-2006",2.46,26.4
"NO",2007,"NO-2007",2.91,27.1
"NO",2008,"NO-2008",0.48,27
"NO",2009,"NO-2009",-1.94,26.2
"NO",2010,"NO-2010",0.79,25.7
"NO",2011,"NO-2011",1.11,25.3
"NO",2012,"NO-2012",2.72,25.7
"NO",2013,"NO-2013",1.02,26.4
"NO",2014,"NO-2014",2.05,26.8
"NO",2015,"NO-2015",1.86,27.5
"NO",2016,"NO-2016",1.16,28.5
"NO",2017,"NO-2017",2.46,27
"NO",2018,"NO-2018",0.83,27.6
"NO",2019,"NO-2019",1.12,27.7
"NO",2020,"NO-2020",-1.28,
"NO",2021,"NO-2021",3.9,
"PH",1960,"PH-1960",,
"PH",1961,"PH-1961",5.7,
"PH",1962,"PH-1962",4.85,
"PH",1963,"PH-1963",7.02,
"PH",1964,"PH-1964",3.4,
"PH",1965,"PH-1965",5.35,
"PH",1966,"PH-1966",4.44,
"PH",1967,"PH-1967",5.22,
"PH",1968,"PH-1968",5.04,
"PH",1969,"PH-1969",4.69,
"PH",1970,"PH-1970",3.69,
"PH",1971,"PH-1971",5.39,
"PH",1972,"PH-1972",5.43,
"PH",1973,"PH-1973",8.78,
"PH",1974,"PH-1974",3.39,
"PH",1975,"PH-1975",5.45,
"PH",1976,"PH-1976",8.78,
"PH",1977,"PH-1977",5.56,
"PH",1978,"PH-1978",5.19,
"PH",1979,"PH-1979",5.6,
"PH",1980,"PH-1980",5.2,
"PH",1981,"PH-1981",3.42,
"PH",1982,"PH-1982",3.7,
"PH",1983,"PH-1983",1.9,
"PH",1984,"PH-1984",-7.04,
"PH",1985,"PH-1985",-6.86,
"PH",1986,"PH-1986",3.51,
"PH",1987,"PH-1987",4.36,
"PH",1988,"PH-1988",6.7,
"PH",1989,"PH-1989",6.18,
"PH",1990,"PH-1990",3.08,
"PH",1991,"PH-1991",-0.44,
"PH",1992,"PH-1992",0.42,
"PH",1993,"PH-1993",2.18,
"PH",1994,"PH-1994",4.37,
"PH",1995,"PH-1995",4.63,
"PH",1996,"PH-1996",5.86,
"PH",1997,"PH-1997",5.19,
"PH",1998,"PH-1998",-0.51,
"PH",1999,"PH-1999",3.35,
"PH",2000,"PH-2000",4.38,47.7
"PH",2001,"PH-2001",3.05,
"PH",2002,"PH-2002",3.72,
"PH",2003,"PH-2003",5.09,46.6
"PH",2004,"PH-2004",6.57,
"PH",2005,"PH-2005",4.94,
"PH",2006,"PH-2006",5.32,47.2
"PH",2007,"PH-2007",6.52,
"PH",2008,"PH-2008",4.34,
"PH",2009,"PH-2009",1.45,46.3
"PH",2010,"PH-2010",7.33,
"PH",2011,"PH-2011",3.86,
"PH",2012,"PH-2012",6.9,46.5
"PH",2013,"PH-2013",6.75,
"PH",2014,"PH-2014",6.35,
"PH",2015,"PH-2015",6.35,44.6
"PH",2016,"PH-2016",7.15,44.6
"PH",2017,"PH-2017",6.93,
"PH",2018,"PH-2018",6.34,42.3
"PH",2019,"PH-2019",6.12,
"PH",2020,"PH-2020",-9.52,
"PH",2021,"PH-2021",5.71,40.7
"PL",1960,"PL-1960",,
"PL",1961,"PL-1961",,
"PL",1962,"PL-1962",,
"PL",1963,"PL-1963",,
"PL",1964,"PL-1964",,
"PL",1965,"PL-1965",,
"PL",1966,"PL-1966",,
"PL",1967,"PL-1967",,
"PL",1968,"PL-1968",,
"PL",1969,"PL-1969",,
"PL",1970,"PL-1970",,
"PL",1971,"PL-1971",,
"PL",1972,"PL-1972",,
"PL",1973,"PL-1973",,
"PL",1974,"PL-1974",,
"PL",1975,"PL-1975",,
"PL",1976,"PL-1976",,
"PL",1977,"PL-1977",,
"PL",1978,"PL-1978",,
"PL",1979,"PL-1979",,
"PL",1980,"PL-1980",,
"PL",1981,"PL-1981",,
"PL",1982,"PL-1982",,
"PL",1983,"PL-1983",,
"PL",1984,"PL-1984",,
"PL",1985,"PL-1985",,
"PL",1986,"PL-1986",,
"PL",1987,"PL-1987",,
"PL",1988,"PL-1988",,
"PL",1989,"PL-1989",,
"PL",1990,"PL-1990",-7.02,
"PL",1991,"PL-1991",-7.02,
"PL",1992,"PL-1992",2.51,
"PL",1993,"PL-1993",3.74,
"PL",1994,"PL-1994",5.29,
"PL",1995,"PL-1995",7.1,
"PL",1996,"PL-1996",6.12,
"PL",1997,"PL-1997",6.45,
"PL",1998,"PL-1998",4.64,
"PL",1999,"PL-1999",4.65,
"PL",2000,"PL-2000",4.56,
"PL",2001,"PL-2001",1.26,
"PL",2002,"PL-2002",2.04,
"PL",2003,"PL-2003",3.5,
"PL",2004,"PL-2004",4.98,38
"PL",2005,"PL-2005",3.51,35.8
"PL",2006,"PL-2006",6.13,34.7
"PL",2007,"PL-2007",7.06,34
"PL",2008,"PL-2008",4.2,33.5
"PL",2009,"PL-2009",2.83,33.4
"PL",2010,"PL-2010",2.93,33.2
"PL",2011,"PL-2011",5.04,33.2
"PL",2012,"PL-2012",1.55,33
"PL",2013,"PL-2013",0.86,33.1
"PL",2014,"PL-2014",3.84,32.8
"PL",2015,"PL-2015",4.38,31.8
"PL",2016,"PL-2016",2.95,31.2
"PL",2017,"PL-2017",5.14,29.7
"PL",2018,"PL-2018",5.95,30.2
"PL",2019,"PL-2019",4.45,28.8
"PL",2020,"PL-2020",-2.02,
"PL",2021,"PL-2021",6.85,
"RU",1960,"RU-1960",,
"RU",1961,"RU-1961",,
"RU",1962,"RU-1962",,
"RU",1963,"RU-1963",,
"RU",1964,"RU-1964",,
"RU",1965,"RU-1965",,
"RU",1966,"RU-1966",,
"RU",1967,"RU-1967",,
"RU",1968,"RU-1968",,
"RU",1969,"RU-1969",,
"RU",1970,"RU-1970",,
"RU",1971,"RU-1971",,
"RU",1972,"RU-1972",,
"RU",1973,"RU-1973",,
"RU",1974,"RU-1974",,
"RU",1975,"RU-1975",,
"RU",1976,"RU-1976",,
"RU",1977,"RU-1977",,
"RU",1978,"RU-1978",,
"RU",1979,"RU-1979",,
"RU",1980,"RU-1980",,
"RU",1981,"RU-1981",,
"RU",1982,"RU-1982",,
"RU",1983,"RU-1983",,
"RU",1984,"RU-1984",,
"RU",1985,"RU-1985",,
"RU",1986,"RU-1986",,
"RU",1987,"RU-1987",,
"RU",1988,"RU-1988",,
"RU",1989,"RU-1989",,
"RU",1990,"RU-1990",-3,
"RU",1991,"RU-1991",-5.05,
"RU",1992,"RU-1992",-14.53,
"RU",1993,"RU-1993",-8.67,
"RU",1994,"RU-1994",-12.57,
"RU",1995,"RU-1995",-4.14,
"RU",1996,"RU-1996",-3.76,38.4
"RU",1997,"RU-1997",1.4,38.4
"RU",1998,"RU-1998",-5.3,38.1
"RU",1999,"RU-1999",6.4,37.4
"RU",2000,"RU-2000",10,37.1
"RU",2001,"RU-2001",5.1,36.9
"RU",2002,"RU-2002",4.7,37.3
"RU",2003,"RU-2003",7.3,40
"RU",2004,"RU-2004",7.2,40.3
"RU",2005,"RU-2005",6.4,41.3
"RU",2006,"RU-2006",8.2,41
"RU",2007,"RU-2007",8.5,42.3
"RU",2008,"RU-2008",5.2,41.6
"RU",2009,"RU-2009",-7.8,39.8
"RU",2010,"RU-2010",4.5,39.5
"RU",2011,"RU-2011",4.3,39.7
"RU",2012,"RU-2012",4.02,40.7
"RU",2013,"RU-2013",1.76,40.9
"RU",2014,"RU-2014",0.74,39.9
"RU",2015,"RU-2015",-1.97,37.7
"RU",2016,"RU-2016",0.19,36.8
"RU",2017,"RU-2017",1.83,37.2
"RU",2018,"RU-2018",2.81,37.5
"RU",2019,"RU-2019",2.2,37.7
"RU",2020,"RU-2020",-2.65,36
"RU",2021,"RU-2021",5.61,
"SK",1960,"SK-1960",,
"SK",1961,"SK-1961",,
"SK",1962,"SK-1962",,
"SK",1963,"SK-1963",,
"SK",1964,"SK-1964",,
"SK",1965,"SK-1965",,
"SK",1966,"SK-1966",,
"SK",1967,"SK-1967",,
"SK",1968,"SK-1968",,
"SK",1969,"SK-1969",,
"SK",1970,"SK-1970",,
"SK",1971,"SK-1971",,
"SK",1972,"SK-1972",,
"SK",1973,"SK-1973",,
"SK",1974,"SK-1974",,
"SK",1975,"SK-1975",,
"SK",1976,"SK-1976",,
"SK",1977,"SK-1977",,
"SK",1978,"SK-1978",,
"SK",1979,"SK-1979",,
"SK",1980,"SK-1980",,
"SK",1981,"SK-1981",,
"SK",1982,"SK-1982",,
"SK",1983,"SK-1983",,
"SK",1984,"SK-1984",,
"SK",1985,"SK-1985",,
"SK",1986,"SK-1986",,
"SK",1987,"SK-1987",,
"SK",1988,"SK-1988",,
"SK",1989,"SK-1989",,
"SK",1990,"SK-1990",,
"SK",1991,"SK-1991",,
"SK",1992,"SK-1992",,
"SK",1993,"SK-1993",1.9,
"SK",1994,"SK-1994",6.21,
"SK",1995,"SK-1995",5.84,
"SK",1996,"SK-1996",6.62,
"SK",1997,"SK-1997",5.93,
"SK",1998,"SK-1998",4.08,
"SK",1999,"SK-1999",-0.11,
"SK",2000,"SK-2000",1.17,
"SK",2001,"SK-2001",3.25,
"SK",2002,"SK-2002",4.51,
"SK",2003,"SK-2003",5.5,
"SK",2004,"SK-2004",5.28,27.1
"SK",2005,"SK-2005",6.62,29.3
"SK",2006,"SK-2006",8.49,25.8
"SK",2007,"SK-2007",10.83,24.7
"SK",2008,"SK-2008",5.57,26
"SK",2009,"SK-2009",-5.46,27.2
"SK",2010,"SK-2010",6.72,27.3
"SK",2011,"SK-2011",2.67,26.5
"SK",2012,"SK-2012",1.32,26.1
"SK",2013,"SK-2013",0.63,28.1
"SK",2014,"SK-2014",2.7,26.1
"SK",2015,"SK-2015",5.17,26.5
"SK",2016,"SK-2016",1.94,25.2
"SK",2017,"SK-2017",2.94,23.2
"SK",2018,"SK-2018",4.03,25
"SK",2019,"SK-2019",2.51,23.2
"SK",2020,"SK-2020",-3.34,
"SK",2021,"SK-2021",4.86,
"SI",1960,"SI-1960",,
"SI",1961,"SI-1961",,
"SI",1962,"SI-1962",,
"SI",1963,"SI-1963",,
"SI",1964,"SI-1964",,
"SI",1965,"SI-1965",,
"SI",1966,"SI-1966",,
"SI",1967,"SI-1967",,
"SI",1968,"SI-1968",,
"SI",1969,"SI-1969",,
"SI",1970,"SI-1970",,
"SI",1971,"SI-1971",,
"SI",1972,"SI-1972",,
"SI",1973,"SI-1973",,
"SI",1974,"SI-1974",,
"SI",1975,"SI-1975",,
"SI",1976,"SI-1976",,
"SI",1977,"SI-1977",,
"SI",1978,"SI-1978",,
"SI",1979,"SI-1979",,
"SI",1980,"SI-1980",,
"SI",1981,"SI-1981",,
"SI",1982,"SI-1982",,
"SI",1983,"SI-1983",,
"SI",1984,"SI-1984",,
"SI",1985,"SI-1985",,
"SI",1986,"SI-1986",,
"SI",1987,"SI-1987",,
"SI",1988,"SI-1988",,
"SI",1989,"SI-1989",,
"SI",1990,"SI-1990",,
"SI",1991,"SI-1991",,
"SI",1992,"SI-1992",,
"SI",1993,"SI-1993",,
"SI",1994,"SI-1994",,
"SI",1995,"SI-1995",,
"SI",1996,"SI-1996",3.2,
"SI",1997,"SI-1997",5.05,
"SI",1998,"SI-1998",3.28,
"SI",1999,"SI-1999",5.33,
"SI",2000,"SI-2000",3.67,
"SI",2001,"SI-2001",3.22,
"SI",2002,"SI-2002",3.51,
"SI",2003,"SI-2003",2.96,
"SI",2004,"SI-2004",4.36,24.8
"SI",2005,"SI-2005",3.8,24.6
"SI",2006,"SI-2006",5.75,24.4
"SI",2007,"SI-2007",6.98,24.4
"SI",2008,"SI-2008",3.51,23.7
"SI",2009,"SI-2009",-7.55,24.8
"SI",2010,"SI-2010",1.34,24.9
"SI",2011,"SI-2011",0.86,24.9
"SI",2012,"SI-2012",-2.64,25.6
"SI",2013,"SI-2013",-1.03,26.2
"SI",2014,"SI-2014",2.77,25.7
"SI",2015,"SI-2015",2.21,25.4
"SI",2016,"SI-2016",3.19,24.8
"SI",2017,"SI-2017",4.82,24.2
"SI",2018,"SI-2018",4.45,24.6
"SI",2019,"SI-2019",3.45,24.4
"SI",2020,"SI-2020",-4.32,24
"SI",2021,"SI-2021",8.21,
"ZA",1960,"ZA-1960",,
"ZA",1961,"ZA-1961",3.84,
"ZA",1962,"ZA-1962",6.18,
"ZA",1963,"ZA-1963",7.37,
"ZA",1964,"ZA-1964",7.94,
"ZA",1965,"ZA-1965",6.12,
"ZA",1966,"ZA-1966",4.44,
"ZA",1967,"ZA-1967",7.2,
"ZA",1968,"ZA-1968",4.15,
"ZA",1969,"ZA-1969",4.72,
"ZA",1970,"ZA-1970",5.25,
"ZA",1971,"ZA-1971",4.28,
"ZA",1972,"ZA-1972",1.65,
"ZA",1973,"ZA-1973",4.57,
"ZA",1974,"ZA-1974",6.11,
"ZA",1975,"ZA-1975",1.7,
"ZA",1976,"ZA-1976",2.25,
"ZA",1977,"ZA-1977",-0.09,
"ZA",1978,"ZA-1978",3.01,
"ZA",1979,"ZA-1979",3.79,
"ZA",1980,"ZA-1980",6.62,
"ZA",1981,"ZA-1981",5.36,
"ZA",1982,"ZA-1982",-0.38,
"ZA",1983,"ZA-1983",-1.85,
"ZA",1984,"ZA-1984",5.1,
"ZA",1985,"ZA-1985",-1.21,
"ZA",1986,"ZA-1986",0.02,
"ZA",1987,"ZA-1987",2.1,
"ZA",1988,"ZA-1988",4.2,
"ZA",1989,"ZA-1989",2.39,
"ZA",1990,"ZA-1990",-0.32,
"ZA",1991,"ZA-1991",-1.02,
"ZA",1992,"ZA-1992",-2.14,
"ZA",1993,"ZA-1993",1.23,59.3
"ZA",1994,"ZA-1994",3.2,
"ZA",1995,"ZA-1995",3.1,
"ZA",1996,"ZA-1996",4.3,
"ZA",1997,"ZA-1997",2.6,
"ZA",1998,"ZA-1998",0.5,
"ZA",1999,"ZA-1999",2.4,
"ZA",2000,"ZA-2000",4.2,57.8
"ZA",2001,"ZA-2001",2.7,
"ZA",2002,"ZA-2002",3.7,
"ZA",2003,"ZA-2003",2.95,
"ZA",2004,"ZA-2004",4.55,
"ZA",2005,"ZA-2005",5.28,64.8
"ZA",2006,"ZA-2006",5.6,64.8
"ZA",2007,"ZA-2007",5.36,
"ZA",2008,"ZA-2008",3.19,63
"ZA",2009,"ZA-2009",-1.54,
"ZA",2010,"ZA-2010",3.04,63.4
"ZA",2011,"ZA-2011",3.17,
"ZA",2012,"ZA-2012",2.4,
"ZA",2013,"ZA-2013",2.49,
"ZA",2014,"ZA-2014",1.41,63
"ZA",2015,"ZA-2015",1.32,
"ZA",2016,"ZA-2016",0.66,
"ZA",2017,"ZA-2017",1.16,
"ZA",2018,"ZA-2018",1.52,
"ZA",2019,"ZA-2019",0.3,
"ZA",2020,"ZA-2020",-6.34,
"ZA",2021,"ZA-2021",4.91,
"ES",1960,"ES-1960",,
"ES",1961,"ES-1961",11.84,
"ES",1962,"ES-1962",9.95,
"ES",1963,"ES-1963",9.6,
"ES",1964,"ES-1964",5.31,
"ES",1965,"ES-1965",6.25,
"ES",1966,"ES-1966",7.25,
"ES",1967,"ES-1967",4.34,
"ES",1968,"ES-1968",6.6,
"ES",1969,"ES-1969",8.91,
"ES",1970,"ES-1970",4.29,
"ES",1971,"ES-1971",4.65,
"ES",1972,"ES-1972",8.15,
"ES",1973,"ES-1973",7.79,
"ES",1974,"ES-1974",5.62,
"ES",1975,"ES-1975",0.54,
"ES",1976,"ES-1976",3.3,
"ES",1977,"ES-1977",2.84,
"ES",1978,"ES-1978",1.46,
"ES",1979,"ES-1979",0.04,
"ES",1980,"ES-1980",2.21,34.5
"ES",1981,"ES-1981",-0.13,
"ES",1982,"ES-1982",1.25,
"ES",1983,"ES-1983",1.77,
"ES",1984,"ES-1984",1.78,
"ES",1985,"ES-1985",2.32,34.4
"ES",1986,"ES-1986",3.25,34.4
"ES",1987,"ES-1987",5.55,
"ES",1988,"ES-1988",5.09,
"ES",1989,"ES-1989",4.83,
"ES",1990,"ES-1990",3.78,32
"ES",1991,"ES-1991",2.55,
"ES",1992,"ES-1992",0.93,
"ES",1993,"ES-1993",-1.03,35.7
"ES",1994,"ES-1994",2.38,35.1
"ES",1995,"ES-1995",2.76,35.7
"ES",1996,"ES-1996",2.66,36.5
"ES",1997,"ES-1997",3.7,35.3
"ES",1998,"ES-1998",4.39,34.6
"ES",1999,"ES-1999",4.49,33.8
"ES",2000,"ES-2000",5.25,34.1
"ES",2001,"ES-2001",3.93,
"ES",2002,"ES-2002",2.73,
"ES",2003,"ES-2003",2.98,31.8
"ES",2004,"ES-2004",3.12,33.3
"ES",2005,"ES-2005",3.65,32.4
"ES",2006,"ES-2006",4.1,33.5
"ES",2007,"ES-2007",3.6,34.1
"ES",2008,"ES-2008",0.89,34.2
"ES",2009,"ES-2009",-3.76,34.9
"ES",2010,"ES-2010",0.16,35.2
"ES",2011,"ES-2011",-0.81,35.7
"ES",2012,"ES-2012",-2.96,35.4
"ES",2013,"ES-2013",-1.4,36.2
"ES",2014,"ES-2014",1.4,36.1
"ES",2015,"ES-2015",3.84,36.2
"ES",2016,"ES-2016",3.04,35.8
"ES",2017,"ES-2017",2.98,34.7
"ES",2018,"ES-2018",2.28,34.7
"ES",2019,"ES-2019",1.98,34.3
"ES",2020,"ES-2020",-11.33,34.9
"ES",2021,"ES-2021",5.52,
"SE",1960,"SE-1960",,
"SE",1961,"SE-1961",5.68,
"SE",1962,"SE-1962",4.26,
"SE",1963,"SE-1963",5.33,
"SE",1964,"SE-1964",6.82,
"SE",1965,"SE-1965",3.82,
"SE",1966,"SE-1966",2.09,
"SE",1967,"SE-1967",3.37,
"SE",1968,"SE-1968",3.64,
"SE",1969,"SE-1969",5.01,
"SE",1970,"SE-1970",7.29,
"SE",1971,"SE-1971",0.94,
"SE",1972,"SE-1972",2.29,
"SE",1973,"SE-1973",3.97,
"SE",1974,"SE-1974",3.2,
"SE",1975,"SE-1975",2.55,24.3
"SE",1976,"SE-1976",1.06,
"SE",1977,"SE-1977",-1.6,
"SE",1978,"SE-1978",1.75,
"SE",1979,"SE-1979",3.84,
"SE",1980,"SE-1980",1.7,
"SE",1981,"SE-1981",0.45,22.9
"SE",1982,"SE-1982",1.25,
"SE",1983,"SE-1983",1.9,
"SE",1984,"SE-1984",4.23,
"SE",1985,"SE-1985",2.16,
"SE",1986,"SE-1986",2.69,
"SE",1987,"SE-1987",3.35,23.1
"SE",1988,"SE-1988",2.56,
"SE",1989,"SE-1989",2.65,
"SE",1990,"SE-1990",0.75,
"SE",1991,"SE-1991",-1.15,
"SE",1992,"SE-1992",-1.16,24.9
"SE",1993,"SE-1993",-2.07,
"SE",1994,"SE-1994",3.93,
"SE",1995,"SE-1995",3.94,25.2
"SE",1996,"SE-1996",1.58,25.2
"SE",1997,"SE-1997",3.07,
"SE",1998,"SE-1998",4.31,
"SE",1999,"SE-1999",4.25,
"SE",2000,"SE-2000",4.77,27.2
"SE",2001,"SE-2001",1.45,
"SE",2002,"SE-2002",2.2,25.8
"SE",2003,"SE-2003",2.31,25.3
"SE",2004,"SE-2004",4.34,26.1
"SE",2005,"SE-2005",2.86,26.8
"SE",2006,"SE-2006",4.66,26.4
"SE",2007,"SE-2007",3.44,27.1
"SE",2008,"SE-2008",-0.45,28.1
"SE",2009,"SE-2009",-4.34,27.3
"SE",2010,"SE-2010",5.95,27.7
"SE",2011,"SE-2011",3.2,27.6
"SE",2012,"SE-2012",-0.59,27.6
"SE",2013,"SE-2013",1.19,28.8
"SE",2014,"SE-2014",2.66,28.4
"SE",2015,"SE-2015",4.49,29.2
"SE",2016,"SE-2016",2.07,29.6
"SE",2017,"SE-2017",2.57,28.8
"SE",2018,"SE-2018",1.95,30
"SE",2019,"SE-2019",1.99,29.3
"SE",2020,"SE-2020",-2.17,28.9
"SE",2021,"SE-2021",5.39,
"CH",1960,"CH-1960",,
"CH",1961,"CH-1961",,
"CH",1962,"CH-1962",,
"CH",1963,"CH-1963",,
"CH",1964,"CH-1964",,
"CH",1965,"CH-1965",,
"CH",1966,"CH-1966",,
"CH",1967,"CH-1967",,
"CH",1968,"CH-1968",,
"CH",1969,"CH-1969",,
"CH",1970,"CH-1970",,
"CH",1971,"CH-1971",,
"CH",1972,"CH-1972",,
"CH",1973,"CH-1973",,
"CH",1974,"CH-1974",,
"CH",1975,"CH-1975",,
"CH",1976,"CH-1976",,
"CH",1977,"CH-1977",,
"CH",1978,"CH-1978",,
"CH",1979,"CH-1979",,
"CH",1980,"CH-1980",,
"CH",1981,"CH-1981",1.6,
"CH",1982,"CH-1982",-1.31,36
"CH",1983,"CH-1983",0.64,
"CH",1984,"CH-1984",3.01,
"CH",1985,"CH-1985",3.67,
"CH",1986,"CH-1986",1.86,
"CH",1987,"CH-1987",1.59,
"CH",1988,"CH-1988",3.28,
"CH",1989,"CH-1989",4.33,
"CH",1990,"CH-1990",3.67,
"CH",1991,"CH-1991",-0.92,
"CH",1992,"CH-1992",-0.04,33.9
"CH",1993,"CH-1993",-0.13,
"CH",1994,"CH-1994",1.27,
"CH",1995,"CH-1995",0.48,
"CH",1996,"CH-1996",0.47,
"CH",1997,"CH-1997",2.26,
"CH",1998,"CH-1998",3.03,
"CH",1999,"CH-1999",1.66,
"CH",2000,"CH-2000",3.96,33.4
"CH",2001,"CH-2001",1.58,
"CH",2002,"CH-2002",-0.07,31.7
"CH",2003,"CH-2003",-0.03,
"CH",2004,"CH-2004",2.7,
"CH",2005,"CH-2005",2.75,
"CH",2006,"CH-2006",4.07,33.9
"CH",2007,"CH-2007",3.92,34.3
"CH",2008,"CH-2008",2.81,33.8
"CH",2009,"CH-2009",-2.3,32.9
"CH",2010,"CH-2010",3.24,32.6
"CH",2011,"CH-2011",1.81,31.7
"CH",2012,"CH-2012",1.18,31.6
"CH",2013,"CH-2013",1.79,32.5
"CH",2014,"CH-2014",2.35,32.5
"CH",2015,"CH-2015",1.64,32.3
"CH",2016,"CH-2016",2.07,33
"CH",2017,"CH-2017",1.36,32.7
"CH",2018,"CH-2018",2.86,33.1
"CH",2019,"CH-2019",1.14,
"CH",2020,"CH-2020",-2.38,
"CH",2021,"CH-2021",4.22,
"TH",1960,"TH-1960",,
"TH",1961,"TH-1961",5.36,
"TH",1962,"TH-1962",7.55,
"TH",1963,"TH-1963",8,
"TH",1964,"TH-1964",6.83,
"TH",1965,"TH-1965",8.18,
"TH",1966,"TH-1966",11.12,
"TH",1967,"TH-1967",8.62,
"TH",1968,"TH-1968",8.12,
"TH",1969,"TH-1969",6.55,
"TH",1970,"TH-1970",11.41,
"TH",1971,"TH-1971",4.9,
"TH",1972,"TH-1972",4.28,
"TH",1973,"TH-1973",10.24,
"TH",1974,"TH-1974",4.47,
"TH",1975,"TH-1975",4.97,
"TH",1976,"TH-1976",9.33,
"TH",1977,"TH-1977",9.84,
"TH",1978,"TH-1978",10.3,
"TH",1979,"TH-1979",5.37,
"TH",1980,"TH-1980",5.17,
"TH",1981,"TH-1981",5.91,45.2
"TH",1982,"TH-1982",5.35,
"TH",1983,"TH-1983",5.58,
"TH",1984,"TH-1984",5.75,
"TH",1985,"TH-1985",4.65,
"TH",1986,"TH-1986",5.53,
"TH",1987,"TH-1987",9.52,
"TH",1988,"TH-1988",13.29,43.8
"TH",1989,"TH-1989",12.19,
"TH",1990,"TH-1990",11.17,45.3
"TH",1991,"TH-1991",8.56,
"TH",1992,"TH-1992",8.08,47.9
"TH",1993,"TH-1993",8.25,
"TH",1994,"TH-1994",8,43.5
"TH",1995,"TH-1995",8.12,
"TH",1996,"TH-1996",5.65,42.9
"TH",1997,"TH-1997",-2.75,
"TH",1998,"TH-1998",-7.63,41.5
"TH",1999,"TH-1999",4.57,43.1
"TH",2000,"TH-2000",4.46,42.8
"TH",2001,"TH-2001",3.44,
"TH",2002,"TH-2002",6.15,41.9
"TH",2003,"TH-2003",7.19,
"TH",2004,"TH-2004",6.29,42.5
"TH",2005,"TH-2005",4.19,
"TH",2006,"TH-2006",4.97,41.8
"TH",2007,"TH-2007",5.44,39.8
"TH",2008,"TH-2008",1.73,40.3
"TH",2009,"TH-2009",-0.69,39.6
"TH",2010,"TH-2010",7.51,39.4
"TH",2011,"TH-2011",0.84,37.5
"TH",2012,"TH-2012",7.24,39.3
"TH",2013,"TH-2013",2.69,37.8
"TH",2014,"TH-2014",0.98,37
"TH",2015,"TH-2015",3.13,36
"TH",2016,"TH-2016",3.44,36.9
"TH",2017,"TH-2017",4.18,36.5
"TH",2018,"TH-2018",4.22,36.4
"TH",2019,"TH-2019",2.11,34.9
"TH",2020,"TH-2020",-6.07,35
"TH",2021,"TH-2021",1.49,35.1
"TR",1960,"TR-1960",,
"TR",1961,"TR-1961",1.16,
"TR",1962,"TR-1962",5.57,
"TR",1963,"TR-1963",9.07,
"TR",1964,"TR-1964",5.46,
"TR",1965,"TR-1965",2.82,
"TR",1966,"TR-1966",11.21,
"TR",1967,"TR-1967",4.73,
"TR",1968,"TR-1968",6.78,
"TR",1969,"TR-1969",4.08,
"TR",1970,"TR-1970",3.23,
"TR",1971,"TR-1971",5.57,
"TR",1972,"TR-1972",7.43,
"TR",1973,"TR-1973",3.26,
"TR",1974,"TR-1974",5.59,
"TR",1975,"TR-1975",7.17,
"TR",1976,"TR-1976",10.46,
"TR",1977,"TR-1977",3.41,
"TR",1978,"TR-1978",1.5,
"TR",1979,"TR-1979",-0.62,
"TR",1980,"TR-1980",-2.45,
"TR",1981,"TR-1981",4.86,
"TR",1982,"TR-1982",3.56,
"TR",1983,"TR-1983",4.97,
"TR",1984,"TR-1984",6.71,
"TR",1985,"TR-1985",4.24,
"TR",1986,"TR-1986",7.01,
"TR",1987,"TR-1987",9.49,43.5
"TR",1988,"TR-1988",2.32,
"TR",1989,"TR-1989",0.29,
"TR",1990,"TR-1990",9.27,
"TR",1991,"TR-1991",0.72,
"TR",1992,"TR-1992",5.04,
"TR",1993,"TR-1993",7.65,
"TR",1994,"TR-1994",-4.67,41.3
"TR",1995,"TR-1995",7.88,
"TR",1996,"TR-1996",7.38,
"TR",1997,"TR-1997",7.58,
"TR",1998,"TR-1998",2.4,
"TR",1999,"TR-1999",-3.26,
"TR",2000,"TR-2000",6.93,
"TR",2001,"TR-2001",-5.75,
"TR",2002,"TR-2002",6.45,41.4
"TR",2003,"TR-2003",5.76,42.2
"TR",2004,"TR-2004",9.8,41.3
"TR",2005,"TR-2005",8.99,42.6
"TR",2006,"TR-2006",6.95,39.6
"TR",2007,"TR-2007",5.04,38.4
"TR",2008,"TR-2008",0.82,39
"TR",2009,"TR-2009",-4.82,39
"TR",2010,"TR-2010",8.43,38.8
"TR",2011,"TR-2011",11.2,40
"TR",2012,"TR-2012",4.79,40.2
"TR",2013,"TR-2013",8.49,40.2
"TR",2014,"TR-2014",4.94,41.2
"TR",2015,"TR-2015",6.08,42.9
"TR",2016,"TR-2016",3.32,41.9
"TR",2017,"TR-2017",7.5,41.4
"TR",2018,"TR-2018",2.98,41.9
"TR",2019,"TR-2019",0.78,41.9
"TR",2020,"TR-2020",1.94,
"TR",2021,"TR-2021",11.35,
"GB-GBN",1960,"GB-GBN-1960",,
"GB-GBN",1961,"GB-GBN-1961",2.68,
"GB-GBN",1962,"GB-GBN-1962",1.1,
"GB-GBN",1963,"GB-GBN-1963",4.87,
"GB-GBN",1964,"GB-GBN-1964",5.53,
"GB-GBN",1965,"GB-GBN-1965",2.14,
"GB-GBN",1966,"GB-GBN-1966",1.57,
"GB-GBN",1967,"GB-GBN-1967",2.79,
"GB-GBN",1968,"GB-GBN-1968",5.44,26.8
"GB-GBN",1969,"GB-GBN-1969",1.92,27.9
"GB-GBN",1970,"GB-GBN-1970",6.68,28
"GB-GBN",1971,"GB-GBN-1971",3.5,29.3
"GB-GBN",1972,"GB-GBN-1972",4.32,28.8
"GB-GBN",1973,"GB-GBN-1973",6.52,28.8
"GB-GBN",1974,"GB-GBN-1974",-2.48,29
"GB-GBN",1975,"GB-GBN-1975",-1.47,27.9
"GB-GBN",1976,"GB-GBN-1976",2.91,27.6
"GB-GBN",1977,"GB-GBN-1977",2.46,27.1
"GB-GBN",1978,"GB-GBN-1978",4.2,27.2
"GB-GBN",1979,"GB-GBN-1979",3.75,27.4
"GB-GBN",1980,"GB-GBN-1980",-2.03,28.5
"GB-GBN",1981,"GB-GBN-1981",-0.79,29.7
"GB-GBN",1982,"GB-GBN-1982",1.99,29.9
"GB-GBN",1983,"GB-GBN-1983",4.22,29.8
"GB-GBN",1984,"GB-GBN-1984",2.27,29.2
"GB-GBN",1985,"GB-GBN-1985",4.15,30.4
"GB-GBN",1986,"GB-GBN-1986",3.15,31.9
"GB-GBN",1987,"GB-GBN-1987",5.39,33.9
"GB-GBN",1988,"GB-GBN-1988",5.73,34.3
"GB-GBN",1989,"GB-GBN-1989",2.58,33.4
"GB-GBN",1990,"GB-GBN-1990",0.73,35.7
"GB-GBN",1991,"GB-GBN-1991",-1.1,35
"GB-GBN",1992,"GB-GBN-1992",0.4,35
"GB-GBN",1993,"GB-GBN-1993",2.49,35.1
"GB-GBN",1994,"GB-GBN-1994",3.85,36
"GB-GBN",1995,"GB-GBN-1995",2.53,35.5
"GB-GBN",1996,"GB-GBN-1996",1.91,35.3
"GB-GBN",1997,"GB-GBN-1997",4.52,35.7
"GB-GBN",1998,"GB-GBN-1998",3.16,36.6
"GB-GBN",1999,"GB-GBN-1999",3.01,36.8
"GB-GBN",2000,"GB-GBN-2000",4.09,38.8
"GB-GBN",2001,"GB-GBN-2001",2.16,37.1
"GB-GBN",2002,"GB-GBN-2002",1.77,35.1
"GB-GBN",2003,"GB-GBN-2003",3.12,34.9
"GB-GBN",2004,"GB-GBN-2004",2.34,34.8
"GB-GBN",2005,"GB-GBN-2005",2.67,35.5
"GB-GBN",2006,"GB-GBN-2006",2.16,35.9
"GB-GBN",2007,"GB-GBN-2007",2.56,34.4
"GB-GBN",2008,"GB-GBN-2008",-0.15,35.4
"GB-GBN",2009,"GB-GBN-2009",-4.51,35.1
"GB-GBN",2010,"GB-GBN-2010",2.43,33.7
"GB-GBN",2011,"GB-GBN-2011",1.07,33.2
"GB-GBN",2012,"GB-GBN-2012",1.45,33.1
"GB-GBN",2013,"GB-GBN-2013",1.82,32.7
"GB-GBN",2014,"GB-GBN-2014",3.2,33.1
"GB-GBN",2015,"GB-GBN-2015",2.39,33.3
"GB-GBN",2016,"GB-GBN-2016",2.17,33.1
"GB-GBN",2017,"GB-GBN-2017",2.44,32.6
"GB-GBN",2018,"GB-GBN-2018",1.71,33.7
"GB-GBN",2019,"GB-GBN-2019",1.6,32.8
"GB-GBN",2020,"GB-GBN-2020",-11.03,32.6
"GB-GBN",2021,"GB-GBN-2021",7.6,
"US",1960,"US-1960",,
"US",1961,"US-1961",2.3,
"US",1962,"US-1962",6.1,
"US",1963,"US-1963",4.4,37.6
"US",1964,"US-1964",5.8,38.1
"US",1965,"US-1965",6.4,37.5
"US",1966,"US-1966",6.5,37.8
"US",1967,"US-1967",2.5,36.9
"US",1968,"US-1968",4.8,36.3
"US",1969,"US-1969",3.1,36
"US",1970,"US-1970",-0.28,36.6
"US",1971,"US-1971",3.29,36.9
"US",1972,"US-1972",5.26,36.7
"US",1973,"US-1973",5.65,36.1
"US",1974,"US-1974",-0.54,35.5
"US",1975,"US-1975",-0.21,35.7
"US",1976,"US-1976",5.39,35.6
"US",1977,"US-1977",4.62,35.5
"US",1978,"US-1978",5.54,34.8
"US",1979,"US-1979",3.17,34.8
"US",1980,"US-1980",-0.26,34.7
"US",1981,"US-1981",2.54,35.5
"US",1982,"US-1982",-1.8,36.7
"US",1983,"US-1983",4.58,37.3
"US",1984,"US-1984",7.24,37.3
"US",1985,"US-1985",4.17,37.6
"US",1986,"US-1986",3.46,37.6
"US",1987,"US-1987",3.46,37.2
"US",1988,"US-1988",4.18,37.7
"US",1989,"US-1989",3.67,38.2
"US",1990,"US-1990",1.89,38.3
"US",1991,"US-1991",-0.11,38
"US",1992,"US-1992",3.52,38.4
"US",1993,"US-1993",2.75,40.4
"US",1994,"US-1994",4.03,40
"US",1995,"US-1995",2.68,39.9
"US",1996,"US-1996",3.77,40.3
"US",1997,"US-1997",4.45,40.5
"US",1998,"US-1998",4.48,40
"US",1999,"US-1999",4.79,40
"US",2000,"US-2000",4.08,40.1
"US",2001,"US-2001",0.95,40.6
"US",2002,"US-2002",1.7,40.4
"US",2003,"US-2003",2.8,40.8
"US",2004,"US-2004",3.85,40.3
"US",2005,"US-2005",3.48,41
"US",2006,"US-2006",2.78,41.4
"US",2007,"US-2007",2.01,40.8
"US",2008,"US-2008",0.12,40.8
"US",2009,"US-2009",-2.6,40.6
"US",2010,"US-2010",2.71,40
"US",2011,"US-2011",1.55,40.9
"US",2012,"US-2012",2.28,40.9
"US",2013,"US-2013",1.84,40.7
"US",2014,"US-2014",2.29,41.5
"US",2015,"US-2015",2.71,41.2
"US",2016,"US-2016",1.67,41.1
"US",2017,"US-2017",2.24,41.2
"US",2018,"US-2018",2.95,41.4
"US",2019,"US-2019",2.29,41.5
"US",2020,"US-2020",-2.77,39.7
"US",2021,"US-2021",5.95,39.8
"VE",1960,"VE-1960",,
"VE",1961,"VE-1961",3.19,
"VE",1962,"VE-1962",8.53,
"VE",1963,"VE-1963",3.9,
"VE",1964,"VE-1964",11.13,
"VE",1965,"VE-1965",4.16,
"VE",1966,"VE-1966",1.51,
"VE",1967,"VE-1967",2.83,
"VE",1968,"VE-1968",7.34,
"VE",1969,"VE-1969",0.71,
"VE",1970,"VE-1970",7.71,
"VE",1971,"VE-1971",1.48,
"VE",1972,"VE-1972",1.28,
"VE",1973,"VE-1973",7.11,
"VE",1974,"VE-1974",2.07,
"VE",1975,"VE-1975",2.9,
"VE",1976,"VE-1976",7.73,
"VE",1977,"VE-1977",6.27,
"VE",1978,"VE-1978",2.35,
"VE",1979,"VE-1979",0.76,
"VE",1980,"VE-1980",-4.42,
"VE",1981,"VE-1981",-0.36,55.6
"VE",1982,"VE-1982",-2.07,
"VE",1983,"VE-1983",-3.76,
"VE",1984,"VE-1984",1.44,
"VE",1985,"VE-1985",0.19,
"VE",1986,"VE-1986",6.51,
"VE",1987,"VE-1987",3.58,53.4
"VE",1988,"VE-1988",5.82,
"VE",1989,"VE-1989",-8.57,43.8
"VE",1990,"VE-1990",6.47,43.8
"VE",1991,"VE-1991",9.73,
"VE",1992,"VE-1992",6.06,42.1
"VE",1993,"VE-1993",0.28,
"VE",1994,"VE-1994",-2.35,
"VE",1995,"VE-1995",3.95,47.2
"VE",1996,"VE-1996",-0.2,47.2
"VE",1997,"VE-1997",6.37,
"VE",1998,"VE-1998",0.29,48.1
"VE",1999,"VE-1999",-5.97,47.8
"VE",2000,"VE-2000",3.69,
"VE",2001,"VE-2001",3.39,47.2
"VE",2002,"VE-2002",-8.86,49
"VE",2003,"VE-2003",-7.76,48.1
"VE",2004,"VE-2004",18.29,47.5
"VE",2005,"VE-2005",10.32,49.5
"VE",2006,"VE-2006",9.87,44.8
"VE",2007,"VE-2007",8.75,
"VE",2008,"VE-2008",5.28,
"VE",2009,"VE-2009",-3.2,
"VE",2010,"VE-2010",-1.49,
"VE",2011,"VE-2011",4.18,
"VE",2012,"VE-2012",5.63,
"VE",2013,"VE-2013",1.34,
"VE",2014,"VE-2014",-3.89,
"VE",2015,"VE-2015",,
"VE",2016,"VE-2016",,
"VE",2017,"VE-2017",,
"VE",2018,"VE-2018",,
"VE",2019,"VE-2019",,
"VE",2020,"VE-2020",,
"VE",2021,"VE-2021",,
"AR",2006,"AR-2006",8.05,46.3
"DO",2006,"DO-2006",9.17,52
"NL",2006,"NL-2006",3.46,30
"PT",2006,"PT-2006",1.63,38.1
"UY",2006,"UY-2006",4.1,45.9
